2023-05-25 10:26:45+02:00;Im Interview - „Grundsteuer ist eine willkommene Einnahmequelle“;Warum viele Grundsteuererklärungen erst später eingereicht wurden und die neue Grundsteuer zu Verwerfungen führt, erklärt Thomas Haller, Rechtsanwalt und Vorsitzender von Haus und Grund Baden, im Interview.Von FOCUS-online-Redakteur Christian Böhm;;Immobilien;;https://www.focus.de/immobilien/im-interview-experte-ueber-die-neue-grundsteuer-ist-eine-willkommene-einnahmequelle_id_184738519.html;;Focus
2023-05-24 17:01:17+02:00;„Wie Erbrochenes von Magenkranken“ - Ex-Metzger entlarvt Fleisch-Sauerei - und nicht einmal Chef-Grüne interessiert es;Ex-Metzger Franz Voll ist der Schrecken der Fleisch-Industrie. Gnadenlos deckt er auf, mit welch skandalösen Methoden Großbetriebe Verbraucher täuschen und gefährden. Die Politik hört ihm trotzdem nicht zu. Sogar von einer Spitzen-Grünen bekam er nie eine Antwort.Von FOCUS-online-Redakteur Christian Döbber;;Ernährung;;https://www.focus.de/gesundheit/ernaehrung/wie-erbrochenes-von-magenkranken-ex-metzger-entlarvt-fleisch-sauerei-und-nicht-einmal-chef-gruene-interessierts_id_194659708.html;;Focus
2023-05-25 10:01:35+02:00;FOCUS-online-User berichten - Emotionen beim Thema Grundsteuer schwanken von „absoluter Lachpille“ bis Panik;Die Grundsteuererklärung bleibt ein noch immer viel diskutiertes Thema. FOCUS online berichtet über Erfahrungen mit der neuen Grundsteuer, die Eigentümer gemacht haben.;;Immobilien;;https://www.focus.de/immobilien/focus-online-user-berichten-emotionen-beim-thema-grundsteuer-schwanken-von-absoluter-lachpille-bis-panik_id_184186744.html;;Focus
2023-05-25 09:33:10+02:00;Streik-Ticker - Pharma- und Autoteilehändler legen Arbeit nieder;Erstmals hat Verdi im Groß- und Außenhandel Warnstreiks angekündigt. Heute trifft es Händler im Pharma- und Autoteilebereich. Alle aktuellen News rund um die Streiks im Ticker.;;Wirtschafts-News;;https://www.focus.de/finanzen/news/warnstreiks-im-ticker-pharma-und-autoteilehaendler-legen-arbeit-nieder_id_186420889.html;;Focus
2023-05-25 08:07:32+02:00;Gastbeitrag von Gabor Steingart - Im Pharma-Streit wird es für Scholz und Lauterbach jetzt ungemütlich;Roche Pharma hat Verfassungsbeschwerde eingereicht. Der Konzern will das von Scholz frei gezeichnete und von Lauterbach auf den Weg gebrachte „Gesetz zur finanziellen Stabilisierung der Gesetzlichen Krankenversicherung“ zu Fall bringen.Von Gastautor Gabor Steingart (Berlin);;Gastautoren;;https://www.focus.de/politik/experten/gastbeitrag-von-gabor-steingart-jetzt-wird-es-fuer-scholz-und-lauterbach-ungemuetlich_id_194737474.html;;Focus
2023-05-25 07:22:21+02:00;Türkei-Wahlen im Newsticker - Abstimmung für türkische Präsidentenwahl endet im Ausland;Am 14. Mai hat die Türkei über ein neues Parlament und einen neuen Präsidenten abgestimmt. Amtsinhaber Recep Tayyip Erdogan und Herausforderer Kemal Kilicdaroglu müssen am 28. Mai in eine Stichwahl. In Deutschland endete nun die Wahl - mit mehr Wahlbeteiligten als in der ersten Runde. Alle aktuellen Infos im News-Ticker.;;Politik;;https://www.focus.de/politik/tuerkei-wahlen-im-newsticker-abstimmung-fuer-tuerkische-praesidentenwahl-endet-im-ausland_id_192776211.html;;Focus
2023-05-25 05:50:09+02:00;TV-Kolumne zum ZDF-Talk - Ex-Soldat schockt mit Ukraine-Bericht, nicht nur Lanz ist sprachlos;Auch nach über einem Jahr Krieg schockieren die brutalen Bilder des russischen Angriffs auf die Ukraine immer noch. Bei „Markus Lanz“ sprach ein ehemaliger Bundeswehrsoldat, der 2022 freiwillig an der ukrainischen Front mitkämpfte, über seine Erlebnisse. Dabei ließ er nicht nur den ZDF-Moderator sprachlos zurück.;;Kino & TV;;https://www.focus.de/kultur/kino_tv/markus-lanz-ex-soldat-schockt-mit-ukraine-bericht-nicht-nur-der-zdf-moderator-ist-sprachlos_id_194729320.html;;Focus
2023-05-24 20:59:51+02:00;Sprecherin bestätigt - Republikaner Ron DeSantis will bei US-Präsidentenwahl 2024 antreten;Der prominente US-Republikaner Ron DeSantis will Präsident der Vereinigten Staaten werden. Der Gouverneur des Bundesstaates Florida reichte am Mittwoch die erforderlichen Unterlagen bei der Bundeswahlkommission ein. Die Zeitung „Washington Post“ bestätigte die Bewerbung unter Berufung auf eine Sprecherin des 44-Jährigen.;;Ausland;;https://www.focus.de/politik/ausland/republikaner-will-praesident-werden-ron-desantis-bewirbt-sich-fuer-us-wahl-2024_id_194696846.html;;Focus
2023-05-24 19:22:47+02:00;Belgorod - Russlands kurzzeitiger Kontrollverlust;Noch ist unklar, wer genau hinter den Angriffen auf Belgorod steckt. Unangenehm für den Kreml aber ist, dass er von der Aktion kalt erwischt wurde. Wie angreifbar sind Russlands Grenzen? Von Juri Rescheto und Sergey Dik.;;Ausland;;https://www.focus.de/politik/ausland/was-nach-russlands-kontrollverlust-passiert-wird-das-staats-tv-nicht-zeigen_id_194680786.html;;Focus
2023-05-24 17:52:29+02:00;Radikale Aktivisten in Finanznot - Nach Razzia offenbaren die Klimakleber, dass ihre Nerven blank liegen;Der 24. Mai sollte für die „Letzte Generation“ zu einem neuen Höhepunkt mit der Ankündigung neuer Proteste in Berlin werden. Doch bundesweite Razzien, beschlagnahmtes Geld und eine chaotische Pressekonferenz verhagelten den Klimaklebern den Tag.Von FOCUS-online-Reporter Ulf Lüdeke;;Panorama;;https://www.focus.de/panorama/radikale-aktivisten-in-finanznot-razzien-konten-gesperrt-chaos-bei-pressekonferenz-bei-klimaklebern-liegen-nerven-blank_id_194680032.html;;Focus
2023-05-24 18:59:07+02:00;Hauptwaffe der deutschen Panzertruppe - Bundeswehr erhält 18 neue Leopard-2-Panzer;Als Ausgleich für Panzerlieferungen an die Ukraine erhält die Bundeswehr 18 neue Kampfpanzer vom Typ Leopard 2A8. Der Haushaltsausschuss des Bundestags gab dafür am Mittwoch nach Teilnehmerangaben rund 525 Millionen Euro frei.;;Deutschland;;https://www.focus.de/politik/deutschland/hauptwaffe-der-deutschen-panzertruppe-bundeswehr-erhaelt-18-neue-leopard-2-panzer_id_194689459.html;;Focus
2023-05-24 16:23:53+02:00;Beamte als „brauner Dreck“ bezeichnet - Nach „Brauner Dreck“-Post gegen Polizei geht auch Schulbehörde gegen Aslan vor;Jetzt wird es für die Polizisten-Hasserin Bahar Aslan eng: In der Affäre um eine inzwischen abberufene Dozentin an der Hochschule für Polizei und öffentliche Verwaltung in NRW (HSPV) prüft die Bezirksregierung Münster disziplinarrechtliche Schritte.Von FOCUS-online-Reporter Axel Spilcker;;Deutschland;;https://www.focus.de/politik/deutschland/beamte-als-brauner-dreck-bezeichnet-nach-hass-post-gegen-polizei-geht-auch-schulbehoerde-gegen-aslan-vor_id_194679710.html;;Focus
2023-05-24 12:40:01+02:00;FOCUS online vor Ort - Bei umstrittenem AWO-Auftritt setzen Zuschauer mit Sombreros ein Zeichen;Mit angepassten Kostümen tritt das AWO-Ballett Rheinau heute auf der Bundesgartenschau in Mannheim auf. Vorwürfe über Kostüme, die Stereotype Merkmale zeigen würden, trüben die Vorfreude. FOCUS online ist vor Ort und berichtet über die Veranstaltung, die im Vorfeld deutschlandweit für Wirbel gesorgt hat.Von FOCUS-online-Reporter Niklas Golitschek;;Panorama;;https://www.focus.de/panorama/focus-online-vor-ort-awo-ballett-bei-buga-haben-uns-schon-als-kinder-maskiert-und-bunt-angezogen_id_194664617.html;;Focus
2023-05-24 16:51:28+02:00;Corona-Hilfen, Kulturpass, Bauförderung - Das ändert sich und wird wichtig im Juni 2023;Im Juni wird ein groß angelegtes Nato-Manöver den deutschen Luftraum in Beschlag nehmen. In diesem Monat wird außerdem der Kulturpass für Jugendliche eingeführt und die Corona-Warn-App endgültig in den Schlafmodus versetzt. Alle Besonderheiten und Änderungen im Überblick.;;Politik;;https://www.focus.de/politik/corona-hilfen-kulturpass-baufoerderung-neuerungen-und-aenderungen-im-juni-2023_id_194205469.html;;Focus
2023-05-24 16:17:15+02:00;Unmut über Verzögerung - Mit eigenem Gesetz - Union drängt auf Verlängerung der Abschiebehaft;Die Union im Bundestag drängt mit einem eigenen Gesetzentwurf, die Höchstdauer des Ausreisegewahrsams von 10 auf 28 Tage zu verlängern. Nichts anderes wurde auf dem Flüchtlingsgipfel beschlossen. Passiert ist seitdem indes wenig.;;Deutschland;;https://www.focus.de/politik/deutschland/fluechtlingsgipfel-mit-eigenem-gesetz-union-draengt-auf-verlaengerung-der-abschiebehaft_id_194678368.html;;Focus
2023-05-24 13:51:34+02:00;89 Seiten im Check - Jetzt will die Ampel an Ihre Heiz-Daten - das steht im neuen „Wärmeplan“-Entwurf;Der Rauch um das neue Gebäudeenergiegesetz (GEG) ist längst noch nicht verzogen, da droht im politischen Berlin bereits der nächste Heiz-Zoff. Doch was bedeutet das „Gesetz für die Wärmeplanung und zur Dekarbonisierung der Wärmenetze“ für Immobilienbesitzer und Mieter wirklich?Von FOCUS-online-Redakteur Christian Böhm;;Finanzen;;https://www.focus.de/finanzen/89-seiten-im-check-dieser-waerme-plan-ist-staatliche-datensammlung-ueber-unseren-energieverbrauch_id_194666541.html;;Focus
2023-05-24 13:42:10+02:00;Ex-US-Außenminister Henry Kissinger - „Ich bin nicht der Meinung, dass alle Schuld bei Putin liegt“;Der ehemalige US-Außenminister Henry Kissinger sieht die Schuld für den Krieg gegen die Ukraine nicht allein bei Wladimir Putin. Er habe sich bereits 2014 gegen eine Einladung an die Ukraine ausgesprochen, der Nato beizutreten. Das Land sei für Putin ein Symbol der „Erniedrigung“.;;Ukraine-Krise;;https://www.focus.de/politik/ausland/ukraine-krise/ex-us-aussenminister-henry-kissinger-ich-bin-nicht-der-meinung-dass-alle-schuld-bei-putin-liegt_id_194667849.html;;Focus
2023-05-24 13:15:07+02:00;Analyse des DIW Berlin - Grafik zeigt, wie die Deutschen zum bedingungslosen Grundeinkommen stehen;Trotz anhaltender politischer Kontroversen zeigen aktuelle Umfragen eine bemerkenswerte Zustimmung der Deutschen zur Idee eines bedingungslosen Grundeinkommens. Insbesondere Geringverdiener und Menschen mit wirtschaftlichen Sorgen stehen einem BGE positiv gegenüber.;;Politik;;https://www.focus.de/politik/analyse-des-diw-berlin-grafik-zeigt-wie-die-deutschen-zum-bedingungslosen-grundeinkommen-stehen_id_194661950.html;;Focus
2023-05-25 07:22:21+02:00;Türkei-Wahlen im Newsticker - Abstimmung für türkische Präsidentenwahl endet im Ausland;Am 14. Mai hat die Türkei über ein neues Parlament und einen neuen Präsidenten abgestimmt. Amtsinhaber Recep Tayyip Erdogan und Herausforderer Kemal Kilicdaroglu müssen am 28. Mai in eine Stichwahl. In Deutschland endete nun die Wahl - mit mehr Wahlbeteiligten als in der ersten Runde. Alle aktuellen Infos im News-Ticker.;;Politik;;https://www.focus.de/politik/tuerkei-wahlen-im-newsticker-abstimmung-fuer-tuerkische-praesidentenwahl-endet-im-ausland_id_192776211.html;;Focus
2023-05-25 05:50:09+02:00;TV-Kolumne zum ZDF-Talk - Ex-Soldat schockt mit Ukraine-Bericht, nicht nur Lanz ist sprachlos;Auch nach über einem Jahr Krieg schockieren die brutalen Bilder des russischen Angriffs auf die Ukraine immer noch. Bei „Markus Lanz“ sprach ein ehemaliger Bundeswehrsoldat, der 2022 freiwillig an der ukrainischen Front mitkämpfte, über seine Erlebnisse. Dabei ließ er nicht nur den ZDF-Moderator sprachlos zurück.;;Kino & TV;;https://www.focus.de/kultur/kino_tv/markus-lanz-ex-soldat-schockt-mit-ukraine-bericht-nicht-nur-der-zdf-moderator-ist-sprachlos_id_194729320.html;;Focus
2023-05-24 20:59:51+02:00;Sprecherin bestätigt - Republikaner Ron DeSantis will bei US-Präsidentenwahl 2024 antreten;Der prominente US-Republikaner Ron DeSantis will Präsident der Vereinigten Staaten werden. Der Gouverneur des Bundesstaates Florida reichte am Mittwoch die erforderlichen Unterlagen bei der Bundeswahlkommission ein. Die Zeitung „Washington Post“ bestätigte die Bewerbung unter Berufung auf eine Sprecherin des 44-Jährigen.;;Ausland;;https://www.focus.de/politik/ausland/republikaner-will-praesident-werden-ron-desantis-bewirbt-sich-fuer-us-wahl-2024_id_194696846.html;;Focus
2023-05-24 19:22:47+02:00;Belgorod - Russlands kurzzeitiger Kontrollverlust;Noch ist unklar, wer genau hinter den Angriffen auf Belgorod steckt. Unangenehm für den Kreml aber ist, dass er von der Aktion kalt erwischt wurde. Wie angreifbar sind Russlands Grenzen? Von Juri Rescheto und Sergey Dik.;;Ausland;;https://www.focus.de/politik/ausland/was-nach-russlands-kontrollverlust-passiert-wird-das-staats-tv-nicht-zeigen_id_194680786.html;;Focus
2023-05-24 13:42:10+02:00;Ex-US-Außenminister Henry Kissinger - „Ich bin nicht der Meinung, dass alle Schuld bei Putin liegt“;Der ehemalige US-Außenminister Henry Kissinger sieht die Schuld für den Krieg gegen die Ukraine nicht allein bei Wladimir Putin. Er habe sich bereits 2014 gegen eine Einladung an die Ukraine ausgesprochen, der Nato beizutreten. Das Land sei für Putin ein Symbol der „Erniedrigung“.;;Ukraine-Krise;;https://www.focus.de/politik/ausland/ukraine-krise/ex-us-aussenminister-henry-kissinger-ich-bin-nicht-der-meinung-dass-alle-schuld-bei-putin-liegt_id_194667849.html;;Focus
2023-05-25 09:12:00+00:00;Fried – Die Politik-Kolumne: Staatssekretäre hängen von ihrem Minister ab. Nur bei Robert Habeck ist es andersrum;Ein Staatssekretär ist mächtig und machtlos zugleich. Er hängt von seinem Minister ab. Nur bei dem Neuen von Robert Habeck ist es andersrum, findet stern-Kolumnist Nico Fried.;;Robert Habeck, Nico Fried, Patrick Graichen, Philipp Nimmermann, Georg Büchner, Michael Schäfer;;https://www.stern.de/politik/deutschland/robert-habecks-neuer-staatsseketaer--nun-muss-er-vertrauen-gewinnen-33492384.html?utm_campaign=politik&utm_medium=rssfeed&utm_source=standard;;stern
2023-05-25 08:47:01+00:00;"Klimaaktivisten: Letzte Generation: Sind nach Razzia ""stärker als je zuvor""";"Die Klimaaktivisten Letzte Generation hat nach der bundesweiten Razzia eine Welle der Unterstützung erhalten. Die Gruppe sieht sich ""stärker als je zuvor"" und kündigt an, ihre Proteste auszuweiten.";;Razzia, Klimaschutzgruppe, Berlin, München;;https://www.stern.de/politik/deutschland/klimaaktivisten--letzte-generation--sind-nach-razzia--staerker-als-je-zuvor--33499936.html?utm_campaign=politik&utm_medium=rssfeed&utm_source=standard;;stern
2023-05-25 07:57:59+00:00;Urteil: Fuß auf Pelosis Schreibtisch: Kapitol-Angreifer verurteilt;Sein Bild ging um die Welt: Mit einem Fuß auf dem Schreibtisch von Spitzenpolitikerin Nancy Pelosi sitzend ließ er sich beim Sturm auf das Kapitol fotografieren. Nun wurde er verurteilt.;;Nancy Pelosi, Washington, Donald Trump, Richard Barnett, Staatsanwaltschaft;;https://www.stern.de/politik/ausland/urteil--fuss-auf-pelosis-schreibtisch--kapitol-angreifer-verurteilt-33499810.html?utm_campaign=politik&utm_medium=rssfeed&utm_source=standard;;stern
2023-05-25 07:43:00+00:00;Deutsche Waffe für Ukraine?: So funktioniert der Marschflugkörper Taurus;Nach Meinung eines CDU-Abgeordneten soll Deutschland der Ukraine den Marschflugkörper Taurus zur Verfügung stellen. Damit wird die Liste hochmoderner westlicher Waffensysteme, die an die ukrainischen Streitkräfte geliefert werden sollen, immer länger. Was hat es mit dieser Waffe auf sich?;;Marschflugkörper, Ukraine, Streitkräfte, Storm Shadow, Waffensystem, Berlin, CDU, Großbritannien, Roderich Kiesewetter;;https://www.stern.de/politik/taurus-fuer-die-ukraine--so-funktioniert-der-deutsche-marschflugkoerper-33496288.html?utm_campaign=politik&utm_medium=rssfeed&utm_source=standard;;stern
2023-05-25 07:36:00+00:00;"Russlands Invasion: Moskau meldet Festnahme angeblicher ukrainischer ""Saboteure"" – nächtlicher Luftalarm quer durch Ukraine";Moskau dementiert Bericht über Brand am Verteidigungsministerium +++ Selenskyj setzt große Hoffnungen auf Kampfjets +++ Die Meldungen zum Krieg in der Ukraine im stern-Newsblog.;;;;https://www.stern.de/politik/ausland/ukraine-news--moskau-meldet-festnahme-angeblicher-ukrainischer--saboteure--33498692.html?utm_campaign=politik&utm_medium=rssfeed&utm_source=standard;;stern
2023-05-25 07:20:00+00:00;Richard Barnett aus Arkansas: Er posierte in Pelosis Büro: Einer der bekanntesten Kapitol-Angreifer muss für mehrere Jahre in Haft;Laut Staatsanwaltschaft zeigte er keine Reue: Richard Barnett, der beim Sturm auf das US-Kapitol am 6. Januar 2021 am Schreibtisch der Spitzenpolitikerin Nancy Pelosi posierte, ist zu einer mehrjährigen Gefängnisstrafe verurteilt worden.;;Kapitol, Richard Barnett, Nancy Pelosi, Staatsanwaltschaft, Nancy, Arkansas, Washington;;https://www.stern.de/politik/ausland/kapitol-sturm--mehrjaehrige-haft-fuer-einen-der-bekanntesten-angreifer-33499532.html?utm_campaign=politik&utm_medium=rssfeed&utm_source=standard;;stern
2023-05-25 07:19:07+00:00;Polizei: Habecks Wahlkreisbüro bekommt Brief mit Pulver;Laut Polizei könnte es sich bei der Substanz um feinen Sand handeln. Noch könne aber nicht ausgeschlossen werden, dass womöglich biologische Stoffe enthalten seien. Die Ermittlungen dauern an.;;Polizei, Robert Habeck, Wahlkreisbüro, Flensburg, Umschlag;;https://www.stern.de/politik/deutschland/polizei--habecks-wahlkreisbuero-bekommt-brief-mit-pulver--33499468.html?utm_campaign=politik&utm_medium=rssfeed&utm_source=standard;;stern
2023-05-25 06:49:00+00:00;"Scharfe Kritik : Berlins Justizsenatorin: Letzte Generation agiert ""absolut unverantwortlich""";"Berlins neue Justizsenatorin Felor Badenberg verurteilt die Aktionen der ""Letzten Generation"" deutlich: ""Wir als Gesellschaft können es nicht gutheißen, dass hier Menschen mittels Gewalt ihren Willen durchsetzen wollen, ich finde das absolut unverantwortlich.""";;Letzte Generation, Felor Badenberg, Justiz, Berlin, Razzia;;https://www.stern.de/politik/deutschland/letzte-generation-agiert--absolut-unverantwortlich---die-scharfe-kritik-von-justizsenatorin-felor-badenberg--33499626.html?utm_campaign=politik&utm_medium=rssfeed&utm_source=standard;;stern
2023-05-25 05:47:21+00:00;Militärberater: Biden will Charles Brown als US-Generalstabschef nominieren;Der Generalstabschef ist Militärberater des Präsidenten und leitet die strategischen Planungen des Verteidigungsministeriums. Dies soll künftig Charles Brown übernehmen.;;Charles Brown, Joe Biden, US-Präsident, Luftwaffe, Mark Milley, Terminplan;;https://www.stern.de/politik/ausland/militaerberater--biden-will-charles-brown-als-us-generalstabschef-nominieren-33499538.html?utm_campaign=politik&utm_medium=rssfeed&utm_source=standard;;stern
2023-05-25 05:42:15+00:00;Krieg gegen die Ukraine: Selenskyj: Kampfjets wären Zeichen für Russlands Scheitern;Der Ukraine sind F-16-Kampfjets in Aussicht gestellt. Noch ist nichts entschieden. Eine Lieferung würde Selenskyj zufolge Russland Scheitern deutlich machen.;;Wolodymyr Selenskyj, Kampfjet, Ukraine, Russland, US-Präsident, Kiew;;https://www.stern.de/politik/ausland/krieg-gegen-die-ukraine--selenskyj--kampfjets-waeren-zeichen-fuer-russlands-scheitern-33499528.html?utm_campaign=politik&utm_medium=rssfeed&utm_source=standard;;stern
2023-05-25 05:24:47+00:00;"Präsidentschaftskandidatur: US-Wahlkampf: Ankündigung von DeSantis wird zum ""Desaster""";Der Republikaner gilt als größter parteiinterner Konkurrent für Donald Trump. Nun steigt Ron DeSantis offiziell ins Präsidentschaftsrennen ein. Das Event mit Twitter-Chef Musk sorgt im Netz für Spott.;;Ron Desantis, US-Präsident, Donald Trump, Republikaner, Twitter, Präsidentschaftskandidatur, Elon Musk, Florida, USA, Wahlkampf, Wahlkampfstart, US-Wahlkampf, Joe Biden, Präsidentschaftswahl, Desaster, Amerika, Coronavirus, Weißes Haus, Fox News;;https://www.stern.de/politik/ausland/praesidentschaftskandidatur--us-wahlkampf--ankuendigung-von-desantis-wird-zum--desaster--33494870.html?utm_campaign=politik&utm_medium=rssfeed&utm_source=standard;;stern
2023-05-25 04:42:01+00:00;US-Schuldenstreit:: Ratingagentur droht USA mit Herabstufung der Topnote;Demokraten und Republikaner verhandeln jeden Tag - doch eine Lösung im Schulden-Streit ist nicht in Sicht. Das bedroht die Kreditwürdigkeit der USA. Eine Ratingagentur sendet ein Warnsignal.;;USA, Ratingagentur, Kreditwürdigkeit, Herabstufung, Republikaner, S&P, Schuldenobergrenze, Konflikt;;https://www.stern.de/politik/ausland/us-schuldenstreit---ratingagentur-droht-usa-mit-herabstufung-der-topnote-33499042.html?utm_campaign=politik&utm_medium=rssfeed&utm_source=standard;;stern
2023-05-25 04:36:52+00:00;Extremismus: Letzte-Generation-Razzia: Forscher warnt vor Radikalisierung;"Bislang bleibe die Gruppe ""bemerkenswert"" ruhig, wenn sie angegriffen werde, sagt Extremismus-Experte Matthias Quent. Das Vorgehen der Polizei gegen die Letzte Generation könne aber Einzelne aufwiegeln.";;Extremismus, Matthias Quent, Berlin, Radikalisierung, Razzia, Klimaschutzgruppe, Polizei, Staatsanwaltschaft, München, Demokratie, Magdeburg, Deutsche Presse-Agentur, Justiz, LKA, Felor Badenberg, Bildung;;https://www.stern.de/politik/deutschland/extremismus--letzte-generation-razzia--forscher-warnt-vor-radikalisierung-33498998.html?utm_campaign=politik&utm_medium=rssfeed&utm_source=standard;;stern
2023-05-25 04:29:00+00:00;US-Wahlkampf 2024: Ron DeSantis steht im ewig langen Schatten von Donald Trump – wie kommt er da raus?;Der Auftakt der Präsidentschaftskandidatur von Ron DeSantis wird von technischen Pannen überlagert. Doch das größte Problem des Gouverneurs von Florida ist ein anderes: Ihm fehlt ein Mittel gegen Mitbewerber Donald Trump.;;Ron Desantis, Donald Trump, Elon Musk, Joe Biden, Twitter, Republikaner, USA, US-Wahlkampf;;https://www.stern.de/politik/ausland/ron-desantis--wie-kann-er-gegen-donald-trump-bestehen--33499038.html?utm_campaign=politik&utm_medium=rssfeed&utm_source=standard;;stern
2023-05-25 04:15:19+00:00;US-Wahlkampf: Ron DeSantis - Erzkonservativer Macher, unnahbarer Mensch;Er ist kein Mann des Volkes, aber punktet bei vielen Konservativen mit knallharter rechter Politik. Das Mantra von Ron DeSantis ist, niemals nachzugeben. Nun stellt er sich Donald Trump.;;Ron Desantis, Donald Trump, US-Wahlkampf, USA, Migranten, Florida, Twitter, Wahlkampf, Elon Musk, Republikaner, Coronavirus, Weißes Haus, Texas;;https://www.stern.de/politik/ausland/us-wahlkampf--ron-desantis---erzkonservativer-macher--unnahbarer-mensch-33499282.html?utm_campaign=politik&utm_medium=rssfeed&utm_source=standard;;stern
2023-05-25 04:05:00+00:00;"Kandidatur verkündet : Ron DeSantis will ein ""Trump ohne Drama"" sein. Seine eigene Kandidatur beginnt aber mit einem Desaster";Ron DeSantis will für die Republikaner ins Rennen ums Weiße Haus ziehen. Doch dafür muss Floridas Gouverneur an Donald Trump vorbei. Da hilft es nicht, dass ausgerechnet die Verkündung seiner Kandidatur zum Reinfall wird.;;Ron Desantis, Donald Trump, Präsidentschaftskandidatur, Wahlkampf, Republikaner, USA, Elon Musk, Twitter, Florida, Kulturkampf, Abtreibung, Amerika;;https://www.stern.de/politik/ausland/ron-desantis-will-trump-ohne-drama-sein--aber-zieht-selbst-chaos-an-33494560.html?utm_campaign=politik&utm_medium=rssfeed&utm_source=standard;;stern
2023-05-25 03:15:38+00:00;Russische Invasion: Krieg gegen die Ukraine: So ist die Lage;Iranische Drohnen sind eine wichtige Waffe im Krieg Russlands gegen die Ukraine. Selenskyj ruft die Iraner zu einem Lieferstopp auf. In der Ukraine gibt es abermals Luftalarm. Die Nacht im Überblick und ein Ausblick auf den Tag.;;Ukraine, Drohne, Wolodymyr Selenskyj, Russland, Kiew, US-Präsident, Luftalarm, Moskau, Iran, Invasion, Behördenangabe, Kreml, USA, Luftabwehr, Jens Stoltenberg, US-Geheimdienste, Joe Biden, G8-Gipfel, Militär;;https://www.stern.de/politik/ausland/russische-invasion--krieg-gegen-die-ukraine--so-ist-die-lage-33499072.html?utm_campaign=politik&utm_medium=rssfeed&utm_source=standard;;stern
2023-05-25 03:01:00+00:00;Justizministerkonferenz: Tödliche Messerattacke im Zug: Minister beraten Konsequenzen;Der Fall hatte bundesweit Entsetzen ausgelöst: Ein Mann tötet in einem Zug in Schleswig-Holstein mit einem Messer zwei junge Menschen. Die Aufarbeitung des Verbrechens fördert Defizite im Behördenhandeln zutage.;;Justizministerkonferenz, Messerattacke, Schleswig-Holstein, Konsequenz, Verbrechen, Hamburg, Berlin, CDU, Deutsche Presse-Agentur;;https://www.stern.de/politik/deutschland/justizministerkonferenz--toedliche-messerattacke-im-zug--minister-beraten-konsequenzen-33499056.html?utm_campaign=politik&utm_medium=rssfeed&utm_source=standard;;stern
2023-05-24 23:38:44+00:00;Russische Invasion: Krieg gegen die Ukraine: So ist die Lage;Der russische Krieg gegen die Ukraine ist nun schon im 16. Monat. Moskau sieht keine Chancen auf baldigen Frieden. In der Region Belgorod erklären die Russen den Alarmzustand für beendet.;;Ukraine, Moskau, Russland, Belgorod, China, Peking, Wladimir Putin, Invasion, USA, Angriffskrieg, Kiew, Nato, Xi Jinping, Fokus, Drohne, Xinhua, Konflikt, Frühjahr, Kreml;;https://www.stern.de/politik/ausland/russische-invasion--krieg-gegen-die-ukraine--so-ist-die-lage-33495452.html?utm_campaign=politik&utm_medium=rssfeed&utm_source=standard;;stern
2023-05-24 23:32:14+00:00;Republikaner: Präsidentenwahl: Trump schießt gegen Rivalen DeSantis;Fühlt sich Trump etwa schon jetzt von seinem innerparteilichen Konkurrenten eingeengt? Seine neuesten Äußerungen lassen das vermuten.;;Donald Trump, Republikaner, Ron Desantis, Präsidentenwahl, US-Präsident, Twitter;;https://www.stern.de/politik/ausland/republikaner--praesidentenwahl--trump-schiesst-gegen-rivalen-desantis--33498806.html?utm_campaign=politik&utm_medium=rssfeed&utm_source=standard;;stern
2023-05-25 10:55:27+02:00;Heizungsgesetz: Wenn die Methode Scholz an ihre Grenzen kommt;Im Streit um das Heizungsgesetz gibt sich Kanzler Scholz wie immer: unaufgeregt. Doch sein abwartender Kurs gerät zunehmend an seine Grenzen. Kritik kommt von Koalitionspartnern und Opposition. Von Uli Hauck.;;;;https://www.tagesschau.de/inland/innenpolitik/scholz-gebaeudeenergiegesetz-100.html;;Tagesschau
2023-05-25 10:53:27+02:00;Kampfjet-Koalition für Kiew: Deutschland sucht seine Nebenrolle;Die Kampfjet-Koalition für die Ukraine nimmt Gestalt an. Mehrere Länder wollen Piloten ausbilden und wohl auch F16-Maschinen an Kiew liefern. Deutschland steht bislang abseits - aber wie lange noch? Von Kai Küstner.;;;;https://www.tagesschau.de/inland/innenpolitik/kampfjet-deutschland-100.html;;Tagesschau
2023-05-25 10:43:31+02:00;Habecks Wahlkreisbüro in Flensburg bekommt Brief mit Pulver;Wegen eines an das Wahlkreisbüro von Bundeswirtschaftsminister Habeck gesendeten Umschlags mit einem weißen Pulver wurde ein Flensburger Polizeirevier geräumt. Die Untersuchungen dauern an.;;;;https://www.tagesschau.de/inland/regional/schleswigholstein/habeck-wahlkreisbuero-100.html;;Tagesschau
2023-05-25 10:38:05+02:00;Anteil innovativer Unternehmen nimmt stark ab;Deutschen Unternehmen fehlt es zunehmend an Innovationskraft. Besonders während der Pandemie-Jahre sind die Investitionen weiter gesunken. Das könnte für die gesamte Wirtschaft zum Problem werden.;;;;https://www.tagesschau.de/wirtschaft/unternehmen/innovationen-pandemie-100.html;;Tagesschau
2023-05-25 10:16:16+02:00;Nach Hisbollah-Militärübung: Israel beobachtet Entwicklung mit Sorge;Es war eine Aktion mit Symbolkraft: Hisbollah-Kämpfer absolvierten am Wochenende eine Militärübung, die einen Krieg mit Israel simulierte - umrahmt wurde das Ganze von aggressiven Tönen. Israel sieht die Entwicklung mit Sorge. Von J. Segador.;;;;https://www.tagesschau.de/ausland/asien/israel-hisbollah-100.html;;Tagesschau
2023-05-25 09:59:14+02:00;Konsumklima: Verbraucherstimmung wird nicht wesentlich besser;Steigende Löhne wecken Optimismus bei den Verbrauchern, doch hohe Preise und die konjunkturelle Unsicherheit verhindern größere Anschaffungen. Belastend wirken Diskussionen über das Heizungsgesetz.;;;;https://www.tagesschau.de/wirtschaft/konjunktur/konsumklima-kaufkraft-100.html;;Tagesschau
2023-05-25 09:58:21+02:00;Mit Fuß auf Pelosis Schreibtisch: Haftstrafe für Kapitol-Angreifer;Nach dem Sturm auf das US-Kapitol ging sein Bild um die Welt: Richard Barnett fläzte sich im Büro der demokratischen Spitzenpolitikerin Pelosi. Nun muss der Anhänger einer rechtsextremen Verschwörungsbewegung in Haft.;;;;https://www.tagesschau.de/ausland/amerika/kapitolsturm-haftstrafe-100.html;;Tagesschau
2023-05-25 09:49:34+02:00;Marktbericht: Jetzt auch noch Konjunktursorgen;Auch heute gelingt dem DAX bislang keine Wende. Schwache Wirtschaftsdaten und der US-Schuldenstreit zwingen die Anleger weiterhin zur Vorsicht. Im Winter rutschte Deutschland in eine Rezession.;;;;https://www.tagesschau.de/wirtschaft/finanzen/marktberichte/marktbericht-dax-dow-euro-dollar-geldanlage-aktien-100.html;;Tagesschau
2023-05-25 09:21:35+02:00;Wettstreit zwischen USA und China: Was Amazon und Apple in Indien wollen;Der Technologie-Wettstreit zwischen den USA und China wird mit immer härteren Bandagen ausgefochten. Das zwingt die großen Tech-Konzerne zum Umdenken. Davon profitiert Indien. Von Angela Göpfert.;;;;https://www.tagesschau.de/wirtschaft/weltwirtschaft/technologie-krieg-apple-usa-china-indien-100.html;;Tagesschau
2023-05-25 08:25:46+02:00;OpenAI zieht Rückzug aus Europa in Erwägung;In der EU wird ein neues Gesetz zum Umgang mit Künstlicher Intelligenz erarbeitet. OpenAI reagierte auf erste Entwürfe und kündigte einen Rückzug aus Europa an, sollte das Gesetz nicht entschärft werden.;;;;https://www.tagesschau.de/wirtschaft/unternehmen/openai-eu-100.html;;Tagesschau
2023-05-25 08:47:42+02:00;Deutsche Wirtschaft doch in Rezession abgerutscht;Die deutsche Wirtschaft ist im Winterhalbjahr doch in eine Rezession gerutscht. Die noch immer hohe Inflation belastet die Konsumausgaben und bremst die Wirtschaftsleistung.;;;;https://www.tagesschau.de/wirtschaft/konjunktur/destatis-rezession-deutschland-100.html;;Tagesschau
2023-05-25 07:22:41+02:00;US-Präsidentenwahl 2024: DeSantis-Auftakt mit peinlicher Panne;Wortfetzen und Pausenmusik statt Twitter-Diskussion: Der Wahlkampfauftakt des US-Gouverneurs DeSantis verlief alles andere als glatt - und Kommentatoren stellten die Frage, ob der Republikaner überhaupt populär genug sei. Von R. Borchard.;;;;https://www.tagesschau.de/ausland/amerika/praesidentenwahl-usa-desantis-100.html;;Tagesschau
2023-05-25 10:52:02+02:00;Liveblog: ++ Wagner-Chef übergibt Stellungen in Bachmut ++;Wagner-Chef Prigoschin teilt mit, er übergebe Stellungen in Bachmut an russische Armee. Die Ukraine meldet massive russische Luftangriffe auf Kiew und andere Städte. Alle Entwicklungen im Liveblog.;;;;https://www.tagesschau.de/newsticker/liveblog-ukraine-donnerstag-236.html;;Tagesschau
2023-05-25 04:34:30+02:00;US-Präsidentenwahl 2024: Stolperstart für DeSantis;"Der Republikaner DeSantis gilt als größter parteiinterner Konkurrent für Donald Trump. Nun ist der 44-Jährige offiziell ins Präsidentschaftsrennen eingestiegen. Seine ""große Ankündigung"" verlief aber anders als geplant.";;;;https://www.tagesschau.de/ausland/amerika/praesidentenwahl-usa-desantis-102.html;;Tagesschau
2023-05-25 08:16:49+02:00;Ratingagentur Fitch stellt USA wegen Schuldenstreits unter Beobachtung;Die Ratingagentur Fitch hat die USA wegen des anhaltenden Schuldenstreits unter Beobachtung gestellt. In den Verhandlungen in Washington deutet sich zumindest etwas Bewegung an. Die Demokraten drängen derweil auf eine Abstimmung.;;;;https://www.tagesschau.de/wirtschaft/weltwirtschaft/usa-schuldenstreit-108.html;;Tagesschau
2023-05-25 02:41:03+02:00;US-Präsidentenwahlkampf: Das Dilemma des Ron DeSantis;Mit dem konservativen Hardliner DeSantis tritt Trumps erster ernsthafter Konkurrent an. Doch der Republikaner stecke in einem Dilemma, meint Sebastian Hesse: Er wolle wie Trump und zugleich anders sein.;;;;https://www.tagesschau.de/kommentar/desantis-usa-kandidatur-100.html;;Tagesschau
2023-05-25 02:18:54+02:00;mdr-Doku über Tina Turner: Superstar im Minirock;Tina Turner war weltbekannt als Superstar im Minirock. Doch wer war die Frau hinter der Bühnenfigur? Die mdr-Doku spürt den Wendepunkten und Tragödien im Leben von Tina Turner nach und zeigt die Überlebensgeschichte einer Kämpfernatur.;;;;https://www.tagesschau.de/ausland/tina-turner-tod-doku-100.html;;Tagesschau
2023-05-24 23:09:11+02:00;Nachruf auf Tina Turner;"Energiegeladene Show, röhrige Soul-Stimme - für ihre Fans war Tina Turner ""simply the best"". Ihre einmalige Bühnenpräsenz hatte sicher auch damit zu tun, dass Tina Turners Leben nicht immer einfach und gradlinig war. Ein Nachruf von Claudia Drexel.";;;;https://www.tagesschau.de/ausland/videonachruf-turner-100.html;;Tagesschau
2023-05-25 00:14:17+02:00;Weltweit Trauer nach Tod von Tina Turner;Mick Jagger, Naomi Campbell, Bryan Adams: Viele Größen aus Musik und Showbusiness sind schockiert und traurig über die Nachricht vom Tod Tina Turners. Man ist sich einig: Die Sängerin war eine echte Ikone.;;;;https://www.tagesschau.de/ausland/amerika/reaktionen-tod-turner-100.html;;Tagesschau
2023-05-24 22:15:30+02:00;Marktbericht: Die Hoffnung schwindet;Die Zeit für eine Einigung im US-Schuldenstreit ohne Schäden für die Wirtschaft läuft ab. Die Finanzmärkte reagieren darauf zunehmend nervös. DAX und Dow Jones standen deutlich unter Druck.;;;;https://www.tagesschau.de/wirtschaft/finanzen/marktberichte/marktbericht-dax-dow-jones-342.html;;Tagesschau
2023-05-24 21:53:39+02:00;2,4 Milliarden Dollar für Länder am Horn von Afrika;Laut den UN leiden Millionen Menschen in der Krisenregion am Horn von Afrika unter verschiedenen Krisen. Bei einer Geberkonferenz sind nun 2,4 Milliarden Dollar zur Unterstützung zusammengekommen.;;;;https://www.tagesschau.de/ausland/afrika/geberkonferenz-afrika-100.html;;Tagesschau
2023-05-24 21:50:08+02:00;DeSantis im Porträt: Rechts, diszipliniert - aber nicht bürgernah;Er gilt vielen als junge Version von Trump - ohne dessen Hang zu Skandalen, Kontrollverlust und Chaos. Aber wer ist der Gouverneur von Florida und Trump-Herausforderer DeSantis wirklich? Von Torben Börgers.;;;;https://www.tagesschau.de/ausland/portraet-desantis-100.html;;Tagesschau
2023-05-24 21:35:55+02:00;US-Republikaner DeSantis will offiziell bei Präsidentenwahl antreten;Neben dem ehemaligen US-Präsidenten Trump geht nun ein weiterer prominenter Republikaner offiziell für die nächste Präsidentschaftswahl ins Rennen. Ron DeSantis, Gouverneur von Florida, reichte seine Bewerbung ein.;;;;https://www.tagesschau.de/ausland/amerika/praesidentschaftswahl-usa-desantis-100.html;;Tagesschau
2023-05-24 20:10:22+02:00;Bundesverwaltungsgericht: Tübingen darf Verpackungssteuer erheben;Seit mehr als einem Jahr fällt in Tübingen unter anderem auf Einwegverpackungen eine Steuer an. Dagegen hatte die Betreiberin einer McDonald's Filiale geklagt - und nun vor dem Bundesverwaltungsgericht verloren.;;;;https://www.tagesschau.de/inland/tuebingen-verpackungssteuer-100.html;;Tagesschau
2023-05-24 19:37:00+02:00;Uniper will wieder auf eigenen Füßen stehen;Der verstaatlichte Energiekonzern Uniper will so schnell wie möglich wieder eigenständig werden. Das Geschäft habe sich wieder stabilisiert, teilte der Konzern bei seiner Hauptversammlung mit.;;;;https://www.tagesschau.de/wirtschaft/unternehmen/uniper-hv-privatisierung-100.html;;Tagesschau
2023-05-24 19:04:03+02:00;Debatte über Heizungsgesetz: Grüne und FDP wollen Schaden begrenzen;Der Streit übers Heizungsgesetz von Wirtschaftsminister Habeck belastet die Ampel massiv. Doch wer heute im Bundestag eine harte Konfrontation zwischen Grünen und FDP erwartet hatte, wurde enttäuscht. Von Daniel Pokraka.;;;;https://www.tagesschau.de/inland/innenpolitik/heizungsgesetz-114.html;;Tagesschau
2023-05-24 18:24:19+02:00;"Bundeswehr bekommt neue ""Leopard 2""-Panzer";"Die Bundeswehr bekommt 18 brandneue ""Leopard 2""-Panzer vom Typ A8. Der Bundestag bewilligte dafür gut eine halbe Milliarde Euro. Zudem rückt der Verkauf von älteren ""Leopard 2""-Varianten aus der Schweiz an den Konzern Rheinmetall näher.";;;;https://www.tagesschau.de/inland/panzer-schweiz-102.html;;Tagesschau
2023-05-24 17:51:31+02:00;"Razzia gegen ""Letzte Generation"": ""Eine überzogene Entscheidung""";"Die bundesweite Razzia gegen die Klimaaktivisten der ""Letzten Generation"" hält Protestforscher Saldivia Gonzatti für eine überzogene Reaktion. Damit werde die gesamte Bewegung kriminalisiert, sagt er im Interview mit tagesschau.de.";;;;https://www.tagesschau.de/inland/gesellschaft/razzia-letzte-generation-100.html;;Tagesschau
2023-05-24 17:33:44+02:00;Vor Neuwahl: Griechenland bekommt Interimsregierungschef;Weil in Griechenland keine Regierung gebildet werden kann, wird im Juni noch einmal gewählt. Bis dahin braucht das Land eine Interimsregierung. Angeführt wird sie vom Präsidenten des griechischen Rechnungshofs, Sarmas.;;;;https://www.tagesschau.de/ausland/europa/griechenland-interimsregierungschef-100.html;;Tagesschau
2023-05-24 17:32:41+02:00;Grünes Gewölbe: Alle verurteilten Juwelendiebe gehen in Revision;Vorige Woche waren fünf Männer wegen des Juwelendiebstahls aus dem Grünen Gewölbe verurteilt worden. Nun legen alle Verurteilten Revision ein. Drei von ihnen sind damit bis auf Weiteres auf freiem Fuß.;;;;https://www.tagesschau.de/inland/regional/sachsen/revision-gruenes-gewoelbe-100.html;;Tagesschau
2023-05-24 17:22:10+02:00;Schweizer Regierung für Leopard-2-Rückverkauf an Deutschland;Die Schweiz unterstützt die Lieferung von 25 ausgemusterten Leopard-2-Panzern nach Deutschland - solange diese nicht in der Ukraine zum Einsatz kommen. Vorausgegangen war eine entsprechende Bitte der Bundesregierung.;;;;https://www.tagesschau.de/ausland/europa/panzer-schweiz-100.html;;Tagesschau
2023-05-24 17:02:58+02:00;Ministerium plant vereinfachte Installation von Balkonkraftwerken;Künftig sollen Mieter und Eigentümer ihre Energieversorgung selbstbestimmter gestalten und leichter Balkonkraftwerke installieren können. Das Bundesjustizministerium will bürokratische Hürden abbauen.;;;;https://www.tagesschau.de/wirtschaft/verbraucher/balkon-solaranlagen-energie-100.html;;Tagesschau
2023-05-24 17:00:07+02:00;Länder sollen laut Gesetzentwurf Pläne für Wärmewende liefern;Länder oder Kommunen sollen Pläne für die Wärmewende vorlegen. Das geht laut Medienberichten aus einem Gesetzentwurf hervor. Auf Basis von Angaben zu Heizart und Energieverbrauch von Gebäuden sollen die besten Lösungen gefunden werden.;;;;https://www.tagesschau.de/inland/innenpolitik/waermewende-plaene-bund-100.html;;Tagesschau
2023-05-24 22:03:36+02:00;Liveblog: ++ Russland meldet Drohnenangriff auf Kriegsschiff ++;"Russland behauptet, ukrainische Drohnen hätten das Kriegsschiff ""Iwan Churs"" im Schwarzen Meer attackiert. Im vergangenen Jahr sind so viele Russen nach Finnland eingewandert wie seit mindestens 30 Jahren nicht mehr. Alle Entwicklungen im Liveblog zum Nachlesen.";;;;https://www.tagesschau.de/newsticker/liveblog-ukraine-mittwoch-242.html;;Tagesschau
2023-05-24 16:41:39+02:00;EU-Kommission will mehr Transparenz für Kleinanleger;Um private Investitionen anzuregen, will die EU-Kommission Kleinanleger besser schützen und ihnen erfolgversprechende Angebote liefern, denen sie vertrauen können. Was beinhaltet die neue Strategie?;;;;https://www.tagesschau.de/wirtschaft/finanzen/kleinanleger-transparenzvorschriften-eu-verbraucherschutz-100.html;;Tagesschau
2023-05-24 16:27:56+02:00;Kennzeichnungspflicht für Fleisch wird ausgeweitet;Klare Herkunftsangaben auch bei nicht abgepacktem Fleisch - das sieht eine neue Verordnung von Landwirtschaftsminister Özdemir vor. Die Hoffnung: Verbraucherinnen und Verbraucher können dann eine fundiertere Kaufentscheidung treffen.;;;;https://www.tagesschau.de/wirtschaft/verbraucher/kennzeichnung-fleisch-100.html;;Tagesschau
2023-05-25 07:04:00+02:00;Bremer SPD will weiter mit Grünen und Linken regieren;Die Entscheidung ist gefallen: Die Koalitionsverhandlungen für ein rot-grün-rotes Bündnis sollen nächste Woche starten. Die CDU spricht von einem traurigen Tag für Bremen.;;;;https://www.tagesschau.de/inland/regional/bremen/bremen-spd-108.html;;Tagesschau
2023-05-24 16:11:27+02:00;25 Jahre EZB: turbulente Zeit voller Höhen und Tiefen;Die Europäische Zentralbank rettete den Euro und sorgte jahrelang für stabile Preise. Doch zuletzt lief ihr die Inflation aus dem Ruder. Wie steht die EZB ein Vierteljahrhundert nach ihrer Gründung da? Von Klaus-Rainer Jackisch.;;;;https://www.tagesschau.de/wirtschaft/finanzen/ezb-jubilaeum-25-jahre-100.html;;Tagesschau
2023-05-24 16:09:12+02:00;"Interview mit Zentralbankchefin Lagarde: ""Die EZB ist krisenfest""";Die EZB musste schon durch viele Krisen manövrieren - und gehört zu den mächtigsten Notenbanken der Welt. Im tagesschau.de-Interview geht ihre Präsidentin Christine Lagarde auf Kritiker ein, die eine zu große Aufgabenfülle sehen.;;;;https://www.tagesschau.de/wirtschaft/christine-lagarde-ezb-interview-100.html;;Tagesschau
2023-05-24 16:07:16+02:00;"Website der ""Letzten Generation"": Behörde räumt Fehler ein";"Im Zuge der Durchsuchungen bei Mitgliedern der ""Letzten Generation"" haben die Behörden auch deren Website beschlagnahmt. Die Generalstaatsanwaltschaft München räumte nun ein, dabei einen Fehler begangen zu haben. Von Marcus Engert.";;;;https://www.tagesschau.de/investigativ/ndr/letzte-generation-website-behoerden-bayern-100.html;;Tagesschau
2023-05-25 07:35:35+00:00;Die Ampel-Koalition muss diese Zahlen als Weckruf sehen;Die deutsche Wirtschaftsleistung ist im ersten Quartal völlig überraschend um 0,3 Prozent geschrumpft, nach minus 0,5 Prozent im vierten Quartal 2022. WELT ordnet ein, wie dramatisch das ist und was dahinter steckt.;;Wirtschaft;;https://www.welt.de/wirtschaft/article245527868/Rezession-Die-Ampel-Koalition-muss-diese-Zahlen-als-Weckruf-sehen.html;;Welt
2023-05-25 05:29:48+00:00;Wenn die deutsche Energiewende kein Exportschlager mehr ist;Lange galt die Gewissheit: Gelingt Deutschlands Energiewende, wird sie zum Exportschlager. Die Realität sieht oft anders aus – wie man in Brasilien sehen kann. Das Land ist selbst Vorreiter bei Öko-Energien. Und hat sich nun als Partner ein anderes Land gesucht.;;Ausland;;https://www.welt.de/politik/ausland/plus245509560/Klimaschutz-in-Brasilien-Berlin-spendiert-Peking-investiert.html;;Welt
2023-05-25 06:43:00+00:00;Die Entzauberung des grünen Wirtschaftswunders;Deutschlands Wirtschaft blickt pessimistisch in die Zukunft. Erstmals sinkt der ifo-Geschäftsklimaindex im Mai wieder. Die Arbeitgeber sehen „eine Abwanderung unserer Wirtschaft aus unserem Land“. Ökonomen warnen wegen der Energiewende vor zwei großen Illusionen.;;Wirtschaft;;https://www.welt.de/wirtschaft/plus245520314/Scholz-Wachstumsversprechen-Die-Entzauberung-des-gruenen-Wirtschaftswunders.html;;Welt
2023-05-25 01:22:47+00:00;Solidarität für die „Letzte Generation“? „Jetzt erst recht!“;Nach einer Razzia gegen die „Letzte Generation“ demonstrieren einige hundert Unterstützer in der Hauptstadt. Bürgerliche Teilnehmer des Protests verurteilen das Vorgehen der Behörden als „Kriminalisierung“. Und eine 70-Jährige sieht für sich nun die Schwelle zum Aktivwerden erreicht.;;Deutschland;;https://www.welt.de/politik/deutschland/plus245525710/Demo-der-Letzten-Generation-Solidaritaet-fuer-die-Aktivisten-Jetzt-erst-recht.html;;Welt
2023-05-25 05:42:11+00:00;Habecks Wahlkreisbüro bekommt Brief mit Pulver – Polizeiwache geräumt;Im Wahlbüro von Wirtschaftsminister Robert Habeck (Grüne) ist ein Umschlag mit einem unbekannten weißen Pulver eingegangen. Nachdem dieser an ein Polizeirevier übergeben wurde, musste die Feuerwehr anrücken. Um was für ein Pulver es sich handelte, war zunächst unklar.;;Deutschland;;https://www.welt.de/politik/deutschland/article245527144/Habecks-Wahlkreisbuero-bekommt-Brief-mit-Pulver-Polizeiwache-geraeumt.html;;Welt
2023-05-25 09:04:00+00:00;Jetzt bläst Habeck auch grüner Gegenwind ins Gesicht;Widerstand gegen Habecks Pläne zum Heizungstausch kommt nun auch aus den eigenen Reihen: Baden-Württembergs Ministerpräsident Kretschmann warnt den Wirtschaftsminister vor übereilten Schritten. Das Zerwürfnis mit der FDP in der Ampel bringt die Koalition an den Rand einer Regierungskrise.;;Deutschland;;https://www.welt.de/politik/deutschland/plus245516274/Heizungsdebakel-Jetzt-blaest-Habeck-auch-gruener-Gegenwind-ins-Gesicht.html;;Welt
2023-05-25 06:40:38+00:00;„Das ist echt schlechtes Handwerk von Habeck“;„Der Koalitionsstreit hat eine neue Qualität“, sagt WELT-Politikredakteur Nikolaus Doll zur Diskussion um Habecks Heizungsgesetz. Dem Wirtschaftsminister wirft er schlechtes Handwerk vor. Und dennoch ist er sicher: „Diese Koalition wird nicht auseinanderbrechen.“;;Deutschland;;https://www.welt.de/politik/deutschland/video245527150/Heizungsgesetz-Das-ist-echt-schlechtes-Handwerk-von-Habeck.html;;Welt
2023-05-24 17:48:20+00:00;Saudi-Arabien lässt sich vom Westen nichts mehr sagen;Kurz nach dem Besuch des ukrainischen Präsidenten empfängt das Königreich Russlands Innenminister. Das sagt viel über Riads neuen politischen Kurs aus – und über das neue Selbstbewusstsein. Die USA können nur noch zuschauen.;;Ausland;;https://www.welt.de/politik/ausland/plus245522000/Regionalmacht-Saudi-Arabien-laesst-sich-vom-Westen-nichts-mehr-sagen.html;;Welt
2023-05-25 08:55:58+00:00;„AfD und NPD arbeiten beim gemeinsamen Ziel zusammen, den Staat zu beseitigen“;Thüringens Verfassungsschutzchef Kramer warnt vor Gewalt-Eskalationen am rechten und linken Rand: Täter preisten selbst den Tod politischer Gegner ein. Er erzählt, wie AfD und Neonazis im Freistaat kooperieren. Teilweise werde Rechtsextremismus nun auch in der bürgerlichen Mitte akzeptiert.;;Deutschland;;https://www.welt.de/politik/deutschland/plus245493100/Thueringen-AfD-und-NPD-arbeiten-beim-Ziel-zusammen-den-Staat-zu-beseitigen.html;;Welt
2023-05-24 14:38:51+00:00;Armee der ostdeutschen Unterschicht? Von wegen;Als die Wehrpflicht permanent ausgesetzt wurde, wurde eine Befürchtung laut: Die Bundeswehr werde sich zu einer „ossifizierten Unterschichten-Armee“ entwickeln. Eine Studie kommt jetzt zu völlig anderen Erkenntnissen. Und nennt Dinge, die Bewerber abschrecken.;;Deutschland;;https://www.welt.de/politik/deutschland/plus245518024/Bundeswehr-Armee-der-ostdeutschen-Unterschicht-Von-wegen.html;;Welt
2023-05-24 16:08:48+00:00;Dann warnt Scholz die Kommunen vor dem „Feuer des Ressentiments“;Wer kein Bleiberecht habe, müsse Deutschland wieder verlassen, betont Bundeskanzler Olaf Scholz beim Deutschen Städtetag – und weist Kritik an seiner Migrationspolitik zurück. Stattdessen nimmt er die Kommunen in die Pflicht, selbst mehr zu leisten. Und spricht eine drastische Warnung aus.;;Deutschland;;https://www.welt.de/politik/deutschland/article245522320/Dann-warnt-Scholz-Kommunen-vor-Feuer-des-Ressentiments-gegen-Migranten.html;;Welt
2023-05-25 08:52:36+00:00;„Zelebrierung der Opferrolle ist klassisches Instrument der ‚Letzten Generation‘“;„Wir haben eine feste Einbindung der staatlichen Maßnahmen, wie etwa Ermittlungsverfahren, in die Öffentlichkeitsarbeit der ‚Letzten Generation‘“, sagt Maria-Christina Nimmerfroh gegenüber WELT. Die Wirtschaftspsychologin recherchierte über Monate undercover und analysierte die Kommunikations-Strategie der Aktivisten.;;Deutschland;;https://www.welt.de/politik/deutschland/video245527712/Kommunikations-Strategie-Zelebrierung-der-Opferrolle-ist-klassisches-Instrument-der-Letzten-Generation.html;;Welt
2023-05-25 05:55:38+00:00;So landen Porsche-Ersatzteile bei Putins Elite;„Solange Krieg herrscht, wird nicht geliefert“, hatte Porsche-Chef Blume nach Russlands Angriff auf die Ukraine gesagt. Doch Geschäftsleute umgehen die Sanktionen. Wie das funktioniert, zeigt der Fall Nick H. aus Berlin. Nun ermitteln auch Behörden.;;Wirtschaft;;https://www.welt.de/wirtschaft/plus245507812/Luxus-Automobile-So-landen-Porsche-Ersatzteile-bei-Putins-Elite.html;;Welt
2023-05-25 08:28:00+00:00;Verschollener Tengelmann-Chef – Staatsanwaltschaft prüft Aufhebung der Todeserklärung;Seit 2018 ist er verschollen, 2021 wurde er für tot erklärt – doch das Verschwinden des früheren Tengelmann-Chefs Karl-Erivan Haub wirf noch immer Fragen auf. Ein Foto soll ihn in Moskau zeigen. Nun schaltete sich die Justiz ein.;;Panorama;;https://www.welt.de/vermischtes/article245525304/Karl-Erivan-Haub-Verschollener-Tengelmann-Chef-Staatsanwaltschaft-prueft-Aufhebung-der-Todeserklaerung.html;;Welt
2023-05-25 05:50:30+00:00;„Dann wäre ein Oktoberfest-Besuch für die meisten unbezahlbar“;Der Umsatz mit fair gehandelten Produkten steigt – auch bereinigt um die Inflation. Dazu tragen die Eigenmarken des Handels bei. In Zukunft soll auch das Münchener Oktoberfest „fair“ werden. Das sorgt für großen Widerstand.;;Wirtschaft;;https://www.welt.de/wirtschaft/article245451262/Fair-Trade-Dann-waere-ein-Oktoberfest-Besuch-fuer-die-meisten-unbezahlbar.html;;Welt
2023-05-24 13:04:00+00:00;Schwarze und Transgender-Figuren – die Woke-Strategie wird für Disney zum Risiko;Einst galten die Fantasiewelten von Disney als Sehnsuchtsort der weißen US-Mittelschicht. Inzwischen passt sich der Konzern stärker neuen Zielgruppen an, die sind diverser und nicht-amerikanisch. Doch die Strategie geht nicht immer auf.;;Wirtschaft;;https://www.welt.de/wirtschaft/plus245449214/Wie-die-Woke-Strategie-fuer-Disney-zum-Risiko-wird.html;;Welt
2023-05-25 06:14:11+00:00;Wenn Yoga plötzlich schadet;3000 Jahre alt, trotzdem Trend: Die aus Indien stammende Praktik ist im Westen zum Volkssport geworden. Doch Yoga tut dem Körper nicht immer gut. Wir verraten, in welchen Fällen die Übungen mehr schaden als nutzen und wie Sie Verletzungen vorbeugen.;;Wissenschaft;;https://www.welt.de/wissenschaft/plus245487768/Yoga-und-die-Gefahren-So-vermeiden-Sie-Verletzungen.html;;Welt
2023-05-25 05:39:52+00:00;Hier lernt man, wie man Sex hat;Beim Filmfestival in Cannes wird neben dem Hauptpreis jedes Jahr auch die queere Palme verliehen. Doch anders als man es von der Berlinale in Berlin kennt, muss man die Queerness hier in vielen der nominierten Filme mit der Lupe suchen. Was bedeutet das für den Stand von LGBTQ+ in der Gesellschaft?;;Kultur;;https://www.welt.de/kultur/article245479198/Filmfestival-Cannes-Hier-lernt-man-wie-man-Sex-hat.html;;Welt
2023-05-25 05:32:53+00:00;Eine nukleare Granate als „Weiterentwicklung der Artillerie“;Am 25. Mai 1953 fand in den USA der erste und einzige Test einer Kerngranate statt. In den 1950er-Jahren hielten Nato-Strategen taktische Atomwaffen für die einzige Hoffnung, einen drohenden Vormarsch des Ostblocks am Rhein zum Stehen zu bringen. In Deutschland war die Angst groß.;;Geschichte;;https://www.welt.de/geschichte/article245512180/Taktische-Atomwaffen-1953-Weiterentwicklung-der-Artillerie.html;;Welt
2023-05-25 09:12:49+00:00;FC Bayern: Den hätte Neuer gehalten;Wie wichtig kann ein Torwart sein? Die Krise des FC Bayern hängt unmittelbar mit dem verletzten Manuel Neuer zusammen. Warum sie mit ihm noch Tabellenführer sein könnten.;;Sport;;https://www.zeit.de/sport/2023-05/fc-bayern-muenchen-manuel-neuer;;Zeit
2023-05-25 09:11:09+00:00;Abgeordnetenhaus: Wegner: Berliner Senat steht hinter Polizei und Feuerwehr;;;News;;https://www.zeit.de/news/2023-05/25/wegner-berliner-senat-steht-hinter-polizei-und-feuerwehr;;Zeit
2023-05-25 09:09:27+00:00;Ermittlung: Autos in Schwerin gestohlen;;;News;;https://www.zeit.de/news/2023-05/25/autos-in-schwerin-gestohlen;;Zeit
2023-05-25 09:08:00+00:00;Bildung: Land startet ab Juli 2023 mit Förderung der «Sprach-Kitas»;;;News;;https://www.zeit.de/news/2023-05/25/land-startet-ab-juli-2023-mit-foerderung-der-sprach-kitas;;Zeit
2023-05-25 09:06:11+00:00;Aktivismus: Kühnert sieht Letzte Generation «auf dem Holzweg»;;;News;;https://www.zeit.de/news/2023-05/25/kuehnert-sieht-letzte-generation-auf-dem-holzweg;;Zeit
2023-05-25 09:04:33+00:00;Politik: Wegner will mit «Behörden-Ping-Pong» Schluss machen;;;News;;https://www.zeit.de/news/2023-05/25/wegner-will-mit-behoerden-ping-pong-schluss-machen;;Zeit
2023-05-25 09:04:19+00:00;Bundesliga: Sommer-Abgang vom FC Bayern immer wahrscheinlicher;;;News;;https://www.zeit.de/news/2023-05/25/sommer-abgang-vom-fc-bayern-immer-wahrscheinlicher;;Zeit
2023-05-25 09:02:45+00:00;Musik: Nordmann geht vom Konzerthaus Berlin zum Festival Luzern;;;News;;https://www.zeit.de/news/2023-05/25/nordmann-geht-vom-konzerthaus-berlin-zum-festival-luzern;;Zeit
2023-05-25 09:01:19+00:00;2. Bundesliga: Klausel im Gersbeck-Vertrag: KSC-Trainer Eichner «betroffen»;;;News;;https://www.zeit.de/news/2023-05/25/klausel-im-gersbeck-vertrag-ksc-trainer-eichner-betroffen;;Zeit
2023-05-25 08:54:18+00:00;ifo Institut: Stimmung bei Exporteuren fällt auf niedrigsten Wert seit November;Die deutsche Wirtschaft kommt nicht in Fahrt, im Gegenteil: Die Exporterwartungen deutscher Unternehmen fallen so schlecht aus wie seit einem halben Jahr nicht mehr.;;Wirtschaft;;https://www.zeit.de/wirtschaft/2023-05/exportindustrie-deutschland-stimmung-verschlechtert-ifo-institut;;Zeit
2023-05-25 08:50:59+00:00;Tina Turner: Simply the best;Tina Turner war eine der größten Sängerinnen und Bühnenstars der Welt. Bis ins hohe Alter gab sie Konzerte. Ihr Leben in Bildern;;Musik;;https://www.zeit.de/kultur/2023-05/tina-turner-saengerin-rock-schweiz-fs;;Zeit
2023-05-25 08:27:59+00:00;Handelsabkommen mit Lateinamerika: Greenpeace-Aktivisten stören EU-Treffen zu Mercosur-Abkommen;"Eine ""Katastrophe"" für Bauern und Menschenrechte: Umweltaktivisten protestieren gegen ein geplantes Handelsabkommen zwischen den Mercosur-Staaten und der EU.";;Ausland;;https://www.zeit.de/politik/ausland/2023-05/mercosur-eu-protest-umweltaktivisten;;Zeit
2023-05-25 08:22:22+00:00;Finanzen in der Beziehung: So wird man gemeinsam reich;Sie überlegen, als Paar gemeinsam eine Wohnung oder Aktien zu kaufen? Super Idee, allerdings sollten man sich vorher auf einige klare Regeln verständigen.;;Geldanlage;;https://www.zeit.de/wirtschaft/geldanlage/2023-05/finanzen-beziehung-geld-investieren-money-matters;;Zeit
2023-05-25 08:16:58+00:00;Real Madrid: Fußballmannschaft solidarisiert sich nach Rassismus-Eklat mit Vinícius Júnior;Der Ärger über rassistische Beleidigungen von der Tribüne gegen den Madrid-Spieler hält an. Beim Spiel gegen Rayo Vallecano positionierte sich sein Team nun deutlich.;;Gesellschaft;;https://www.zeit.de/video/2023-05/6328177203112/real-madrid-fussballmannschaft-solidarisiert-sich-nach-rassismus-eklat-mit-vin-cius-j-nior;;Zeit
2023-05-25 07:50:37+00:00;Elon Musk: Die tiefe Leere des anderen;Elon Musk hat gemeinsam mit Ron DeSantis dessen Bewerbung fürs Weiße Haus verkündet. Warum auch nicht? Sein Twitter ist längst Sprachrohr für rechtsaußen.;;Digital;;https://www.zeit.de/digital/2023-05/elon-musk-twitter-ron-desantis-us-praesidentschaftswahl-2024;;Zeit
2023-05-25 08:20:00+02:00;Nachruf auf Tina Turner: Simply the very best;Gewaltig, unbezwingbar, kraftvoll und zugleich charmant. Tina Turner, Pop-Titanin spätestens seit den 80er Jahren, ist mit 83 Jahren gestorben. mehr...;;;;https://taz.de/Nachruf-auf-Tina-Turner/!5936829/;;taz
2023-05-25 10:39:00+02:00;DAX feiert Rekordhoch: Börse und Realität entkoppeln sich;Während die Wirtschaft schwächelt, ist an den Börsen Party. Anleger fühlen sich immer reicher, doch das ist eine Illusion. mehr...;;;;https://taz.de/DAX-feiert-Rekordhoch/!5934393/;;taz
2023-05-25 10:59:00+02:00;Industrielobbyist über Heizungsgesetz: „Es geht nicht um Ideologie“;Der Lobbyverband der Elektroindustrie unterstützt Habecks Heizungsgesetz. Warum und worauf es ankommt, erklärt Geschäftsführer Wolfgang Weber. mehr...;;;;https://taz.de/Industrielobbyist-ueber-Heizungsgesetz/!5936735/;;taz
2023-05-25 10:13:00+02:00;Investoren der Deutschen Fußball-Liga: Bedrohte Solidargemeinschaft;Der Einstieg eines Investors ist gescheitert. Der Grundkonflikt bleibt: Das Streben der großen Vereine nach mehr Profit wird sich andere Wege bahnen. mehr...;;;;https://taz.de/Investoren-der-Deutschen-Fussball-Liga/!5936846/;;taz
2023-05-25 08:32:00+02:00;US-Präsidentschaftswahl 2024: Der Erzkonservative aus Florida;Floridas Gouverneur Ron DeSantis steigt offiziell ins Rennen um die US-Präsidentschaft ein. Beim Twitter-Auftritt ging allerdings fast alles schief. mehr...;;;;https://taz.de/US-Praesidentschaftswahl-2024/!5936830/;;taz
2023-05-25 08:18:00+02:00;Antisemitismus in Kunst und Kultur: Die Wut macht sich Luft;Über Claudia Roth entlud sich der Zorn junger Juden, die nicht bereit sind, Antisemitismus schweigend hinzunehmen. Überraschend kam das nicht. mehr...;;;;https://taz.de/Antisemitismus-in-Kunst-und-Kultur/!5933567/;;taz
2023-05-25 11:10:00+02:00;Third-World-Problems: Berichte vom täglichen Leid;Während der Bundespräsident die üblich einschläfernde Rede in der Paulskirche hält, treffen sich aktive Menschen gleich nebenan zur Global Assembly. mehr...;;;;https://taz.de/Third-World-Problems/!5933435/;;taz
2023-05-25 09:25:00+02:00;LGBTIQA+ in der Kunst: In der lesbischen Zeitrechnung;Lesben und queere Figuren sind plötzlich überall in Serien, Filmen, Romanen. Dass manche Shows abgesetzt werden, ändert daran nichts. mehr...;;;;https://taz.de/LGBTIQA-in-der-Kunst/!5933531/;;taz
2023-05-25 08:00:00+02:00;Die Wahrheit: Der Gewaltschuss;Donnerstag ist Gedichtetag auf der Wahrheit: Heute darf sich die geneigte Leserschaft an einem Poem über einen Höhepunkt im Saisonfinale erfreuen. mehr...;;;;https://taz.de/Die-Wahrheit/!5933481/;;taz
2023-05-24 18:47:00+02:00;Tod des Star-Arbeitslosen Arno Dübel: „Wer arbeitet, ist doch blöd“;Er war „schwer vermittelbar“, außer als Provokateur in den Medien. Arno Dübel, Deutschlands Star-Arbeitsloser aus den nuller Jahren, ist tot. mehr...;;;;https://taz.de/Tod-des-Star-Arbeitslosen-Arno-Duebel/!5933495/;;taz
2023-05-24 18:58:00+02:00;Plan für kommunale Wärmeplanung: Bedenken beim Datenschutz;Das Bauministerium bereitet ein Gesetz zur Wärmeplanung vor: Die Länder sollen Pläne zur Wärmewende liefern. Die FDP bemängelt „Datensammelwut“. mehr...;;;;https://taz.de/Plan-fuer-kommunale-Waermeplanung/!5933503/;;taz
2023-05-24 18:49:00+02:00;Doku über Künstlerin Nan Goldin im Kino: Allein gegen den Opiumriesen;Regisseurin Laura Poitras erzählt gerne David-gegen-Goliath-Geschichten. „All the Beauty and the Bloodshed“ über Künstlerin Nan Goldin ist so eine. mehr...;;;;https://taz.de/Doku-ueber-Kuenstlerin-Nan-Goldin-im-Kino/!5933558/;;taz
2023-05-24 17:43:00+02:00;Neuwahlen in Griechenland: Wie Eulen nach Athen tragen;Griechenlands Parteiführer ver­weigern sich möglicher Koalitions­ver­hand­lungen. Ende Juni muss Hellas nun erneut das Parlament wählen. mehr...;;;;https://taz.de/Neuwahlen-in-Griechenland/!5936725/;;taz
2023-05-24 18:01:00+02:00;Angriffe auf Belgorod: Durchwachsene Spuren;Russland demonstriert nach den Kämpfen in Belgorod Entschlossenheit. Die Angreifer dort sind paramilitärisch organisiert. mehr...;;;;https://taz.de/Angriffe-auf-Belgorod/!5933477/;;taz
2023-05-24 16:54:00+02:00;Geplante Lauterbach-Entführung: „Russlandfreund“ statt „Reichsbürger“;Im Prozess gegen die „Vereinten Patrioten“ spricht ein Angeklagter über Umsturzpläne. Der Regierungswechsel sollte unblutig sein. mehr...;;;;https://taz.de/Geplante-Lauterbach-Entfuehrung/!5933504/;;taz
2023-05-25 09:06:00+02:00;Bremer SPD für Koalition mit Grünen und Linken: Neuauflage für Rot-Grün-Rot?;Der SPD-Landesvorstand in Bremen hat entschieden, in der bisherigen Koalition weiterregieren zu wollen. Grüne und Linke müssen darüber nun abstimmen. mehr...;;;;https://taz.de/Bremer-SPD-fuer-Koalition-mit-Gruenen-und-Linken/!5936835/;;taz
2023-05-24 16:52:00+02:00;Prüfung des Bundesverfassungsgerichts: Gerechtigkeit oder Dammbruch;Das Bundesverfassungsgericht prüft, ob die Wiederaufnahme von Mordverfahren nach Freisprüchen zulässig ist. Das Gesetz ist von 2021. mehr...;;;;https://taz.de/Pruefung-des-Bundesverfassungsgerichts/!5936739/;;taz
2023-05-24 18:56:00+02:00;Global Slavery Index: Klima und Kriege fördern Sklaverei;Immer mehr Menschen werden durch Zwangsarbeit ausgebeutet, berichtet die Organisation Walk Free. Die G20-Staaten seien gleich mehrfach verantwortlich. mehr...;;;;https://taz.de/Global-Slavery-Index/!5933535/;;taz
2023-05-24 18:52:00+02:00;Sozialerhebung des Studierendenwerkes: Ein Drittel lebt prekär;Die 22. Sozialerhebung des Deutschen Studierendenwerkes zeigt, wie sehr Studierende mit steigenden Mieten und Lebenskosten kämpfen. mehr...;;;;https://taz.de/Sozialerhebung-des-Studierendenwerkes/!5933502/;;taz
2023-05-25 09:18:00+02:00;BIP im ersten Quartal geschrumpft: Deutsche Wirtschaft in Rezession;Die hartnäckig hohe Inflation dämpft die Kauflaune der Deutschen. Das hat Folgen für die Konjunktur zu Jahresbeginn. mehr...;;;;https://taz.de/BIP-im-ersten-Quartal-geschrumpft/!5936836/;;taz
2023-05-25 08:07:00+02:00;Armut unter Studierenden: Die Not nicht im Blick;Die Sozialerhebung des Studierendenwerks zeigt: Die Lage ist für viele prekärer geworden. Die Ampel sollte ihren Koalitionsvertrag ernst nehmen. mehr...;;;;https://taz.de/Armut-unter-Studierenden/!5933566/;;taz
2023-05-24 16:29:00+02:00;Serie „Juan Carlos“ über Monarchie: Spanien als Failed State;Die Serie „Juan Carlos – Liebe, Geld, Verrat“ behandelt Korruptionsvorwürfe gegen den ehemaligen spanischen König. Der hat das Land längst verlassen. mehr...;;;;https://taz.de/Serie-Juan-Carlos-ueber-Monarchie/!5933411/;;taz
2023-05-24 17:47:00+02:00;Bundestag debattiert über Heizungsgesetz: Hitzige Debatte übers Heizen;In der aktuellen Stunde ging es trotz des fehlenden Heizungsgesetzes heiß her. Die Opposition griff die Ampel-Koalition nach der FDP-Blockade scharf an. mehr...;;;;https://taz.de/Bundestag-debattiert-ueber-Heizungsgesetz/!5936756/;;taz
2023-05-24 15:57:00+02:00;Kommunistische Bürgermeisterin Österreichs: Lennon statt Lenin;"Das Buch ""Es geht auch anders"" zeichnet den Weg der Bürgermeisterin Elke Kahr nach. In ""Imagine"" findet sie das Idealbild. mehr...";;;;https://taz.de/Kommunistische-Buergermeisterin-Oesterreichs/!5935688/;;taz
2023-05-24 18:05:00+02:00;Kalifornien steigt aus Verbrennern aus: Ab 2035 fast ohne Benzin und Diesel;Der US-Bundesstaat Kalifornien läutet das Ende von neuen Verbrennerautos ein. Das ist wichtig für die USA, doch andere Länder sind schon weiter. mehr...;;;;https://taz.de/Kalifornien-steigt-aus-Verbrennern-aus/!5933536/;;taz
2023-05-24 14:43:00+02:00;Spanischer Publizist Chaves Nogales: Aversion gegen Dummheit und Gewalt;Der Autor Manuel Chaves Nogales geriet als Liberaler im Spanischen Bürgerkrieg zwischen die Fronten. Nun hat die Herausgabe seiner Werke begonnen. mehr...;;;;https://taz.de/Spanischer-Publizist-Chaves-Nogales/!5933005/;;taz
2023-05-24 18:35:00+02:00;Razzien bei der Letzten Generation: Stöbern in offenen Büchern;Die Durchsuchungen bei Klimaaktivist*innen zielt auf ihre Einschüchterung. Der Vorwurf, sie gefährdeten die öffentliche Sicherheit, ist absurd. mehr...;;;;https://taz.de/Razzien-bei-der-Letzten-Generation/!5933455/;;taz
2023-05-24 15:59:00+02:00;Neue Herkunftskennzeichnung für Fleisch: Interessiert doch jede Sau;Die Bundesregierung will die Herkunftskennzeichnung zunächst auf loses Schweine- und Geflügelfleisch ausweiten. Weitere Lebensmittel sollen folgen. mehr...;;;;https://taz.de/Neue-Herkunftskennzeichnung-fuer-Fleisch/!5933534/;;taz
2023-05-24 18:44:00+02:00;Indien nutzt G20-Treffen in Kaschmir: Konfliktregion als Tourismusgebiet;Indien nutzt seinen G20-Vorsitz für ein Tourismustreffen in Kaschmir und wirbt für den dortigen Fremdenverkehr samt seiner harten Politik. mehr...;;;;https://taz.de/Indien-nutzt-G20-Treffen-in-Kaschmir/!5933489/;;taz
2023-05-24 17:25:00+02:00;Kämpfe in Sudan dauern an: „Die Zerstörung eines Landes“;Die Kämpfe in Sudan dauern an, für die Menschen ist keine Versorgung in Sicht. Deutschland bestätigt: 600 Pässe wurden in der Botschaft zurückgelassen. mehr...;;;;https://taz.de/Kaempfe-in-Sudan-dauern-an/!5933490/;;taz
2023-05-24 17:15:00+02:00;Israels Budget: Kein Geschenk des Himmels;In Israel wird das jüdisch-orthodoxe Bildungssystem noch höher als bisher subventioniert. Für die Wirtschaft ist das keine gute Nachricht. mehr...;;;;https://taz.de/Israels-Budget/!5933563/;;taz
2023-05-24 16:58:00+02:00;Chemikalien in Belgien: Nachbarschaftlich gegen Giftstoffe;Jahrelang hat der Chemiekonzern 3M in Belgien die An­woh­ne­r:in­nen gefährdet. Eine Familie klagte und bekam recht. mehr...;;;;https://taz.de/Chemikalien-in-Belgien/!5936730/;;taz
2023-05-24 16:33:00+02:00;Bedrohter Regenwald in Argentinien: Grüne Zeiten, schlechte Zeiten;Immer schneller wird im Gran Chaco für die Viehzucht gerodet. Wird das Freihandels­abkommen mit der EU das weiter beschleunigen? mehr...;;;;https://taz.de/Bedrohter-Regenwald-in-Argentinien/!5933034/;;taz
2023-05-24 13:39:00+02:00;Meduza-Auswahl 18. bis 24. Mai: Ein Staat mit langen Tentakeln;Wie der russische Sicherheitsdienst IS-Kämpfer rekrutiert und wie der Kreml junge Russ*innen indoktriniert. Texte aus dem Exilmedium. mehr...;;;;https://taz.de/Meduza-Auswahl-18-bis-24-Mai/!5936606/;;taz
2023-05-24 13:30:00+02:00;Shoa-Museum der Warschauer Ghettokämpfer: Viel jüdisches Blut und Tränen;1943 leistete die jüdische Jugend im Warschauer Ghetto Widerstand. Zivia Lubetkin gründete mit anderen Ghettokämpfern das erste Museum der Shoa. mehr...;;;;https://taz.de/Shoa-Museum-der-Warschauer-Ghettokaempfer/!5935143/;;taz
2023-05-24 12:08:00+02:00;Polarisierung der gesellschaftlichen Mitte: Nur die Spur von Objektivität;Nicht die Krise spaltet eine Gesellschaft, sondern der Umgang mit ihr. Wo erstes Misstrauen gegen Maßnahmen der Politik auftaucht, setzt der Bruch an. mehr...;;;;https://taz.de/Polarisierung-der-gesellschaftlichen-Mitte/!5933323/;;taz
2023-05-24 16:18:00+02:00;Friedenssuche in Kolumbien: Waffenstillstand aufgekündigt;Wieder Militär gegen Farc-Dissidenten: Vom „totalen Frieden“, den Kolumbiens Präsident erreichen will, bleibt immer weniger übrig. mehr...;;;;https://taz.de/Friedenssuche-in-Kolumbien/!5936738/;;taz
2023-05-24 14:24:00+02:00;Strafverteidiger über Letzte Generation: „Geht um Stigma des ‚Kriminellen‘“;Rechtsanwalt Lukas Theune hält die Razzien für politisch motiviert. Die Organisation stelle keine Gefahr für die öffentliche Sicherheit dar. mehr...;;;;https://taz.de/Strafverteidiger-ueber-Letzte-Generation/!5936702/;;taz
2023-05-24 14:01:00+02:00;Künstlerin Tilla Durieux: Männermordende Erotik;Das Georg Kolbe Museum in Berlin erinnert mit einer Ausstellung an den vergangenen Glamour der Tilla Durieux, die viele Künstler inspirierte. mehr...;;;;https://taz.de/Kuenstlerin-Tilla-Durieux/!5935730/;;taz
2023-05-24 15:01:00+02:00;Social Media und Essstörungen: „Druck auf alle Geschlechter“;Eva Wunderer forscht zum Zusammenhang von Essstörungen und sozialen Medien. Diese bedienen dabei auch jugendliche Grundbedürfnisse. mehr...;;;;https://taz.de/Social-Media-und-Essstoerungen/!5933549/;;taz
2023-05-24 13:57:00+02:00;Umweltbelastung durch Tierhaltung: Ferkel sind keine Billigware;Die Umweltkosten bei konventioneller Tierhaltung liegen bei 22 Milliarden Euro im Jahr. Organisationen fordern daher höhere Mehrwertsteuern. mehr...;;;;https://taz.de/Umweltbelastung-durch-Tierhaltung/!5933342/;;taz
2023-05-24 12:24:00+02:00;Echo auf Razzia gegen Letzte Generation: „Wann kommt Razzia bei Lindner?“;Im Netz sind die Reaktionen auf die Durchsuchungen bei der Letzten Generationen geteilt. Viele solidarisieren sich mit der Gruppe, aber es gibt auch befürwortende Kommentare zu den Maßnahmen. mehr...;;;;https://taz.de/Echo-auf-Razzia-gegen-Letzte-Generation/!5936709/;;taz
2023-05-24 15:07:00+02:00;Deutscher Auftritt bei der Eishockey-WM: Eine Menge Mentalität im Team;Bei der Eishockey-WM spielt keiner gern gegen die Deutschen. Die Mannschaft überzeugt als Kollektiv. Gegner im Viertelfinale ist die Schweiz. mehr...;;;;https://taz.de/Deutscher-Auftritt-bei-der-Eishockey-WM/!5933539/;;taz
2023-05-24 11:27:00+02:00;Streit um Gebäudeenergiegesetz: Wann die Heizung wegmuss;Das Gebäudeenergiegesetz von Wirtschaftsminister Robert Habeck sorgt in der Ampel für Streit und wurde vertagt. Worum es geht – ein FAQ. mehr...;;;;https://taz.de/Streit-um-Gebaeudeenergiegesetz/!5933370/;;taz
2023-05-25 08:05:14+02:00;Deutsche Wirtschaft rutscht in Rezession;Die deutsche Wirtschaftsleistung ist zum Jahresbeginn überraschend um 0,3 Prozent gegenüber dem Vorquartal geschrumpft. Es ist das zweite Quartals-Minus in Folge.;;BIP sinkt zu Jahresbeginn;;https://www.zdf.de/nachrichten/wirtschaft/wirtschaft-leistung-gesunken-erstes-quartal-100.html;;ZDF heute
2023-05-24 20:55:00+02:00;"""Queen of Rock 'n' Roll"" Tina Turner ist tot";Sie war eine der größten Sängerinnen unserer Zeit. Pop-Ikone, Queen of Rock 'n' Roll: Tina Turner prägte die Musik über Jahrzehnte. Nun ist sie im Alter von 83 Jahren gestorben.;;Weltstar und Ikone;;https://www.zdf.de/nachrichten/panorama/tina-turner-tot-100.html;;ZDF heute
2023-05-25 07:22:00+02:00;"""Die Welt hat eine Ikone verloren""";Queen of Rock'n'Roll, Ikone, Legende: Nach dem Tod von Tina Turner nehmen weltweit Fans und Wegbegleiter Abschied - und würdigen die im Alter von 83 Jahren verstorbene Sängerin.;;Trauer um Tina Turner;;https://www.zdf.de/nachrichten/panorama/tina-turner-tot-ikone-legende-trauer-gedenken-100.html;;ZDF heute
2023-05-25 06:21:00+02:00;Abschuss oder Asyl? Bärin Gaia vor Gericht;In Trient entscheidet ein Gericht über das Schicksal der Bärin Gaia - ein kleines Lehrstück über Politik, Populismus und die Tücken des Naturschutzes.;;Update am Morgen;;https://www.zdf.de/nachrichten/briefing/baerin-gaia-energiesparen-tina-turner-gellinek-zdfheute-update-100.html;;ZDF heute
2023-05-25 10:12:00+02:00;"Luftalarm in Kiew: ""Angriff war massiv""";Die ukrainische Hauptstadt Kiew ist in der Nacht wieder aus der Luft angegriffen worden. Alle Drohnenangriffe seien abgewehrt worden, meldet das ukrainische Militär.;;Drohnenattacken abgewehrt;;https://www.zdf.de/nachrichten/politik/luftangriffe-kiew-ukraine-krieg-russland-100.html;;ZDF heute
2023-05-25 10:59:00+02:00;Aktuelles zum Krieg in der Ukraine;Russlands Angriff auf die Ukraine dauert an. Es gibt Sanktionen gegen Moskau, Waffen für Kiew. Aktuelle News und Hintergründe zum Krieg im Blog.;;Politik;;https://www.zdf.de/nachrichten/politik/ukraine-russland-konflikt-blog-100.html;;ZDF heute
2023-05-24 23:49:00+02:00;Wie Anti-Putin-Russen für die Ukraine kämpfen;In die russische Region Belgorod nahe der Ukraine sind Russen eingefallen, die sich gegen den Kreml stellen. Um welche Gruppen es sich handelt und was das Ziel der Aktion ist.;;Angriff in Belgorod;;https://www.zdf.de/nachrichten/politik/belgorod-angriffe-kreml-gegner-ukraine-krieg-russland-100.html;;ZDF heute
2023-05-24 16:12:00+02:00;Kissinger: Nicht nur Kreml schuld am Krieg;Ex-US-Außenminister Kissinger sieht die Verantwortung für den Ukraine-Krieg nicht nur beim Kreml. Gespräche im Vorfeld des Kriegs über einen Nato-Beitritt der Ukraine bemängelt er.;;Ehemaliger US-Außenminister;;https://www.zdf.de/nachrichten/politik/kissinger-schuldfrage-ukraine-krieg-russland-100.html;;ZDF heute
2023-05-24 15:14:00+02:00;Luftwaffen-Inspekteur: Beteiligung möglich;Westliche Staaten bereiten sich auf die Ausbildung an F-16-Kampfjets und die Lieferung an Kiew vor. Luftwaffen-Inspekteur Gerhartz hält auch einen deutschen Beitrag für möglich.;;Kampfjet-Koalition;;https://www.zdf.de/nachrichten/panorama/usa-kampfjets-falken-f16-ukraine-krieg-russland-100.html;;ZDF heute
2023-05-25 09:51:00+02:00;Wie tickt Trumps Konkurrent Ron DeSantis?;Er ist kein Mann des Volkes, aber punktet mit knallharter rechter Politik und will Donald Trump Konkurrenz machen. Wofür steht der Republikaner Ron DeSantis?;;Hardliner aus Florida;;https://www.zdf.de/nachrichten/politik/ron-desantis-portraet-usa-wahl-republikaner-100.html;;ZDF heute
2023-05-25 03:39:00+02:00;DeSantis startet mit Pannen in den Wahlkampf;Der ehemalige Trump-Schützling DeSantis geht ins Rennen der Republikaner um die US-Präsidentschaftskandidatur 2024. Das kündigte er auf Twitter an - mit einigen technischen Pannen.;;Ehemaliger Trump-Schützling;;https://www.zdf.de/nachrichten/politik/desantis-kandidatur-us-wahl-100.html;;ZDF heute
2023-05-25 00:50:00+02:00;Welche Chancen DeSantis gegen Trump hat;Rechnerisch liegt Donald Trump bei den Republikanern im Vorteil, sagt ZDF-Korrespondentin Claudia Bates zur Kandidatur von Ron DeSantis. Dennoch habe DeSantis Chancen gegen Trump.;;ZDF-Korrespondentin zu DeSantis;;https://www.zdf.de/nachrichten/heute-journal-update/bates-schaltgespraech-desantis-100.html;;ZDF heute
2023-05-25 02:58:38+02:00;Klingbeil: Heizgesetz muss im Januar kommen;Lars Klingbeil wirkt ernsthaft angefasst vom aktuellen Ampel-Krach um das Gebäudeenergiegesetz. Er warnt: Auf diese Art hätten die Menschen keine Lust mehr auf Klimaschutz.;;SPD-Chef erhöht Druck auf FDP;;https://www.zdf.de/nachrichten/politik/lanz-klingbeil-heizungsgesetz-ampel-streit-fdp-100.html;;ZDF heute
2023-05-24 16:57:00+02:00;"Neuer Filz? ""Fragen Sie sich selbst!""";Ist Udo Philipp ein neuer Fall Graichen? Diesmal sieht es nicht so aus, dass Wirtschaftsminister Habeck noch mehr in Bedrängnis kommt. Denn die Vorwürfe der Opposition sind dünn.;;Vorwürfe im Habeck-Ministerium;;https://www.zdf.de/nachrichten/politik/habeck-ministerium-staatssekretaer-philipp--filz-vorwurf-100.html;;ZDF heute
2023-05-24 16:41:00+02:00;Grüne sprechen schon von Regierungskrise;"Die Stimmung in der Koalition erreicht langsam ""Wildsau""-Charakter: Die Grünen werfen der FDP Wortbruch vor und reden bereits von einer drohenden Regierungskrise. Platzt die Ampel?";;Zustand der Koalition;;https://www.zdf.de/nachrichten/politik/ampel-heizung-streit-koalition-regierungskrise-100.html;;ZDF heute
2023-05-25 06:51:00+02:00;Ratingagentur stellt USA unter Beobachtung;Wegen des andauernden Schuldenstreits hat die Ratingagentur Fitch die USA unter Beobachtung gestellt. Das Land ist von Zahlungsunfähigkeit bedroht.;;Wegen Schuldenstreits;;https://www.zdf.de/nachrichten/politik/usa-schuldenstreit-fitch-beobachtung-100.html;;ZDF heute
2023-05-24 17:14:00+02:00;"Wohin entwickelt sich ""Letzte Generation""?";"Die Razzia gegen die ""Letzte Generation"" hat viele überrascht. Der Soziologe Matthias Quent kritisiert: So treibe man friedliche Aktivisten möglicherweise in die Radikalisierung.";;Razzia gegen Klima-Aktivisten;;https://www.zdf.de/nachrichten/politik/letzte-generation-razzia-radikalisierung-soziologe-quent-100.html;;ZDF heute
2023-05-24 15:16:00+02:00;"""Letzte Generation"" - kriminelle Vereinigung?";"Bundesweite Razzien und Ermittlungen - doch ist die ""Letzte Generation"" wirklich eine kriminelle Vereinigung? Unter Juristen ist eine solche Einordnung umstritten.";;Rechtliche Einordnung;;https://www.zdf.de/nachrichten/panorama/kriminelle-vereinigung-letzte-generation-umstritten-100.html;;ZDF heute
2023-05-24 17:59:00+02:00;Kann ein Freispruch bald aufgehoben werden?;Soll bei neuen Beweisen eine Wiederaufnahme von Strafprozessen möglich sein? Darüber verhandelt das Bundesverfassungsgericht - eine Entscheidung soll noch dieses Jahr fallen.;;Strafverfahren-Wiederaufnahme;;https://www.zdf.de/nachrichten/politik/bundesverfassungsgericht-wiederaufnahme-strafprozess-100.html;;ZDF heute
2023-05-24 15:31:00+02:00;Investor-Einstieg bei DFL gescheitert;Die DFL-Kubs haben abgestimmt: Der Einstieg eines Investors ist nicht erwünscht. DFL-Chef Watzke glaubt nun, dass die großen Klubs den kleineren die Solidarität entziehen könnten.;;Klubs haben abgestimmt;;https://www.zdf.de/nachrichten/sport/fussball-bundesligen-klubs-abstimmung-investor-dfl-100.html;;ZDF heute
2023-05-24 16:59:00+02:00;FC Bayern vor dem großen Umbruch?;Über die Zukunft der Vorstände Oliver Kahn und Hasan Salihamidzic wird diskutiert. Trainer Thomas Tuchel steht indes nicht zur Disposition. Beschädigt hat die Krise aber auch ihn.;;Titellose Saison droht;;https://www.zdf.de/nachrichten/sport/fc-bayern-krise-bundesliga-verantwortung-tuchel-kahn-salihamidzic-100.html;;ZDF heute
2023-05-24 17:04:00+02:00;"DEB-Team hat ""Bock auf eine neue Geschichte""";Die Schweiz flog förmlich durch die Eishockey-WM. Dennoch gehen die Deutschen mit Selbstvertrauen ins Viertelfinale - denn die Historie spricht für sie.;;Vor Partie gegen die Schweiz;;https://www.zdf.de/nachrichten/sport/eishockey-wm-viertelfinale-deutschland-schweiz-100.html;;ZDF heute
2023-05-24 16:48:00+02:00;Wissen, woher das Schnitzel kommt;Verbraucher sollen künftig auch bei unverpacktem Fleisch über die Herkunft informiert werden. Das sieht eine Verordnung von Minister Özdemir vor. Bauern geht das nicht weit genug.;;Kennzeichnungspflicht erweitert ;;https://www.zdf.de/nachrichten/politik/fleisch-herkunft-cem-oezdemir-verordnung-100.html;;ZDF heute
2023-05-24 19:37:00+02:00;Start-ups: Essen neu denken;Fast 100 Start-ups stellten in Hamburg ihre Innovationen in der Lebensmittelbranche vor. Der Trend ist klar: Die Zukunft gehört zunehmend vor allem pflanzlichen Produkten.;;Food Innovation Camp;;https://www.zdf.de/nachrichten/panorama/food-innovation-camp-vegan-essen-klima-100.html;;ZDF heute
2023-05-24 22:24:00+02:00;Account-Sharing: Was Netflix jetzt plant;Netflix macht Ernst: Der Streamingdienst will das Teilen von Zugangsdaten über mehrere Haushalte hinweg einschränken. Welche Änderungen auf Nutzer zukommen sollen.;;Streamingdienst;;https://www.zdf.de/nachrichten/panorama/netflix-account-teilen-kosten-100.html;;ZDF heute
2023-05-24 13:00:00+02:00;Queen Rania rührt zu Tränen;Junggesellinnenabend in Jordanien, Kronprinzessin Victoria strahlt und Sophia Thomalla kuschelt mit Elefanten - die aktuellen Promi-News in Bildern.;;Promi-News in Bildern;;https://www.zdf.de/nachrichten/panorama/stars-promi-news-bilder-aktuell-mai-2023-100.html;;ZDF heute
2023-05-25 11:17:23+02:00;Die Paulskirche und die Deutsche Revolution;Die Paulskirche und die Deutsche Revolution;;Nachrichten | Panorama;;https://3d.zdf.de/paulskirche-frankfurt-nationalversammlung-1848/;;ZDF heute
2023-05-25 01:50:00+02:00;Tatort Ukraine;Eine eingekesselte Großstadt, Bomben auf Wohnhäuser, kein Wasser, kein Strom, überfüllte Krankenhäuser – vom Überleben unter unmenschlichen Bedingungen.;;ZDFzeit;;https://www.zdf.de/dokumentation/zdfzeit/tatort-ukraine-114.html;;ZDF heute
2023-05-24 23:06:00+02:00;Die Türkei vor der Stichwahl;Die Türkei hat gewählt. Amtsinhaber Erdogan verfehlte knapp die absolute Mehrheit und muss sich am 28. Mai einer Stichwahl stellen. Aktuelle News im Liveticker.;;Erdogan vs. Kilicdaroglu;;https://www.zdf.de/nachrichten/politik/tuerkei-wahl-liveticker-praesident-erdogan-kilicdaroglu-100.html;;ZDF heute
2023-05-24 20:21:00+02:00;SPD will rot-grün-rote Koalition in Bremen;Nach der Wahl in Bremen will die SPD dort die rot-grün-rote Koalition fortsetzen. Der Landesvorstand hat sich besonders deutlich für Gespräche mit Grünen und Linken ausgesprochen.;;Regierungsbildung nach Wahl;;https://www.zdf.de/nachrichten/politik/bremen-spd-gruene-linke-koalition-gespraeche-wahl-bovenschulte-100.html;;ZDF heute
2023-05-24 18:34:00+02:00;Heizstreit könnte andere Gesetze verzögern;Der Streit in der Ampel verzögert nicht nur das Heizungsgesetz - auch bei anderen wichtigen Gesetzesvorhaben der Koalition droht nun ein Stau.;;Ampel auf Rot?;;https://www.zdf.de/nachrichten/politik/ampel-koalition-heizung-streit-gesetz-stau-100.html;;ZDF heute
2023-05-24 16:04:00+02:00;Rechtsextreme Milizen Angreifer von Belgorod?;Wer verübte die Anschläge auf die russische Region Belgorod? Zwei rechte, militante und angeblich russische Gruppen bekennen sich dazu. Das ist bisher bekannt.;;Zwei Gruppen bekennen sich;;https://www.zdf.de/nachrichten/politik/belgorod-milizen-rechtsextrem-ukraine-krieg-russland-100.html;;ZDF heute
2023-05-24 17:13:00+02:00;Vergewaltiger erwürgt - doch kein Mord;Eine wegen der Ermordung ihres Vergewaltigers verurteilte Mexikanerin muss nun wohl doch nicht ins Gefängnis. Ein Gericht stellte das Strafverfahren gegen die 23-Jährige ein.;;Urteil in Mexiko aufgehoben;;https://www.zdf.de/nachrichten/panorama/mexiko-vergewaltigung-mord-gerichtsurteil-100.html;;ZDF heute
2023-05-24 12:43:00+02:00;USA: Neue Befunde zu Missbrauch schockieren;Der Missbrauchsskandal der katholischen Kirche im US-Bundesstaat Illinois ist viel größer als angenommen. Fast 2.000 Kinder sollen von 451 Geistlichen missbraucht worden sein.;;Katholische Kirche in Illinois;;https://www.zdf.de/nachrichten/panorama/missbrauch-kirche-illinois-anklaeger-100.html;;ZDF heute
2023-05-24 11:38:00+02:00;Meteorit von Elmshorn tatsächlich aus dem All;Ende April wurden in Elmshorn ungewöhnliche Gesteinsbrocken gefunden. Einer davon wurde wissenschaftlich untersucht. Nun ist klar: Der Fund stammt tatsächlich aus dem All.;;Fundstück untersucht;;https://www.zdf.de/nachrichten/panorama/meteorit-elmshorn-uni-muenster-weltall-sonnensystem-100.html;;ZDF heute
2023-05-25 11:08:00+02:00;Wie es um unsere Gasversorgung steht;Wie viel Gas verbrauchen Haushalte und Industrie? Wie voll sind die Gasspeicher? Wie viel Gas bekommt Deutschland? Grafiken zur Gasversorgung in Deutschland.;;Gasspeicher und Gasverbrauch;;https://www.zdf.de/nachrichten/wirtschaft/gasversorgung-energiesicherheit-deutschland-pipelines-russland-100.html;;ZDF heute
2023-05-24 14:40:00+02:00;Jubiläum in schwierigen Zeiten;Ihr wichtigster Auftrag sind stabile Preise - ausgerechnet zum Jubiläum ist die Teuerung aber hoch. Die Bilanz der Europäischen Zentralbank fällt gemischt aus.;;25 Jahre EZB;;https://www.zdf.de/nachrichten/wirtschaft/25-jahre-ezb-europaeische-zentralbank-100.html;;ZDF heute
2023-05-24 21:26:00+02:00;Der letzte Spieltag: Ticker und Tabelle;So läuft der Spieltag in der Fußball-Bundesliga: Ob Spielplan, Konferenz-Liveticker oder Tabelle - jetzt Bundesliga-Ergebnisse aktuell verfolgen.;;Alle Spiele, alle Tore;;https://www.zdf.de/sport/fussball-bundesliga-ergebnisse-und-liveticker-134.html;;ZDF heute
2023-05-24 15:01:00+02:00;Zittern auf Schalke und in Bochum;Für Spannung im Abstiegskampf der Fußball-Bundesliga ist am 34. Spieltag gesorgt. Am meisten Sorgen müssen sich der VfL Bochum und Schalke 04 auf den Rängen 16 und 17 machen.;;Spannung im Abstiegskampf;;https://www.zdf.de/nachrichten/zdf-mittagsmagazin/fussball-bundesliga-spieltag-34-abstiegskampf-100.html;;ZDF heute
2023-05-24 14:13:00+02:00;BVB will die Bayern hinter sich lassen;Elf Jahre ist es her, dass Borussia Dortmund zum letzten Mal Meister wurde. Nun hat der BVB die große Chance, den Titel zu holen und Bayern titellos zurückzulassen.;;Dortmund vor Titelgewinn;;https://www.zdf.de/nachrichten/zdf-mittagsmagazin/fussball-bundesliga-spieltag-34-bvb-dortmund-100.html;;ZDF heute
2023-05-24 13:12:00+02:00;Investorendeal spaltet die Profi-Ligen;Der Investorendeal steht am Mittwoch bei der Deutschen Fußball-Liga (DFL) zur Abstimmung. Das Thema sorgt für reichlich Brisanz quer durch die höchsten drei Spielklassen.;;Vor brisanter DFL-Entscheidung;;https://www.zdf.de/nachrichten/sport/fussball-bundesliga-dfl-investoren-kritik-100.html;;ZDF heute
2023-05-25 11:17:23+02:00;So sahen die ersten heute-Nachrichten aus;Vor 60 Jahren ging das ZDF auf Sendung - und mit ihm die heute-Nachrichten. Erkunden Sie das erste Studio in 3D und erfahren Sie, wie damals die Nachrichten produziert wurden.;;60 Jahre ZDF;;https://3d.zdf.de/60-jahre-zdf-heute-nachrichten/;;ZDF heute
